03dc51d5c94f4c0e80a120b732940b60	别让这些闹心的套路，毁了你的网页设计!	别让这些闹心的套路，毁了你的网页设计!	<p>本文很长，记录了我博客建站初到现在的过程，还有我从毕业到现在的一个状态，感谢您的阅读，如果你还是学生，也许你能从此文中，找到我们曾经相似的地方。如果你已经工作，有自己的博客，我想，你并没有忘记当初建立个人博客的初衷吧！<br />\
<br />\
我的个人博客已经建站有8年的时间了，对它的热爱，一直都是只增未减。回想大学读书的那几年，那会儿非常流行QQ空间，我们寝室的室友还经常邀约去学校的网吧做自己的空间。系里有个男生，空间做得非常漂亮，什么悬浮，开场动画，音乐播放器，我们女生羡慕得不得了。还邀约他跟我们一起去通宵弄空间，网上可以找到很多免费的flash资源，还有音乐，那也是第一次接触js，知道在浏览器输入一个地址，修改一下数据，就能调用一些背景出来。然后把自己QQ空间弄得漂漂亮亮的，经常邀约室友来互踩。我记得08年地震，第二天晚上，我们寝室的几个人还淡定的在寝室装扮空间呢！<br />\
<br />\
<img alt="" src="http://localhost:9527/static/img/bi01.6aa7b86.jpg" /><br />\
<br />\
后来空间收费项目也多了，官方漏洞也修复了，加上临近毕业，又要忙着做毕业设计，就没再打理QQ空间。我知道现在的九零后，零零后，你们肯定没看过《一帘幽梦》，那会儿我也是疯狂追剧，喜欢上紫菱，喜欢上她的网站。想看看她的小世界，而我更想学着做一个她那样的网站。那会儿还天真的以为网上真的有她的网站，百度搜了好些天也没有。<br />\
<br />\
要毕业的时候，要交作业了，感觉自己什么都没学会。室友拉着我们去看了她同学做的网站，我们一个个佩服得五体投地，甚至觉得太不可思议了。有难度，又怕自己不会。老师教我们怎么布局，怎么做，并没有教我们右键保存网页。不知道是谁先会了这绝技，然后我们一个个又跟打了鸡血似的，疯狂在网上找网页，右键另存为。然后一个个修改文字，图片。仿佛又回到了那会儿做QQ空间那个时候。拿着copy来，并且精心修改的作品，递交了毕业设计，顺利结业。那会儿还是很蒙，一种云里雾里的感觉，竟有种不知道自己到底是会还是不会的感觉，也就是大家常说的毕业迷茫期。<br />\
<br />\
<img alt="" src="http://localhost:9527/static/img/bi02.979b5e2.jpg" /><br />\
<br />\
工作后进入社会，出去谈业务，遇到一个对网页设计超级感兴趣的人，聊了一下午都还不够，他是完全自学的，做了一个首页宣传他们的产品。他眼里的我就是专业的，总是请教我一些问题。其实我内心特羡慕人家，每次问我，我也似懂非懂的跟人家解决问题，但我还是经常靠百度来搜索他要的答案。他身上那种好学好问的那股劲儿，也成为我迫切想拥有自己的个人博客的一个重要原因。<br />\
<br />\
做博客不是说做就做的，很多东西我都不懂，也不知道要购买域名还有空间。前期要做的工作还是很多。幸好张园同学，也是我实习期的同事，他会这些，教我网上找免费的虚拟空间，然后就是把自己做的页面上传进去，还给了有一个地址，然后就能访问了。那是第一次接触，也了解了整个网站的制作过程，只可惜买域名还有空间需要费用，还在实习期的我，想想也就算了。虚拟空间毕竟是免费的，没多长时间，做过的网页就不能访问了，又得重新注册，重新上传。<br />\
<br />\
等自己有一些资金和技术后，我开始买域名和空间。从一开始，我就没想过只是练练手，或者用一段时间就行了。我会一直用下去，所以精心挑选了域名和空间。这些年除了域名没有更换外，后台程序由asp换成了php，空间从西部数据换成万网，也就是现在的阿里云。一步步升级，就想把最好的一面呈现给大家。很多人问我网站速度怎么访问那么快，其实一是网站程序，页面最好是静态页面。每次我写的代码的时候，我都在琢磨怎么减少代码，减少使用div和图片，让html结构简单化，而又不失美观。所以，网站也改版了有好几次。二是空间还有带宽。这个其实很重要，现在备案跟以前比，快很多了，快的话一星期，慢的话顶多二十天。所以，不是因为特着急的话，还是用国内空间。关于国外空间，其实现在阿里云的香港虚拟主机也不错，访问还是上传都比以前好很多了。用它的小伙伴也挺多。延伸阅读 《<a href="http://www.yangqq.com/jstt/web/2014-01-18/644.html" target="_blank">我的个人博客之&mdash;&mdash;阿里云空间选择</a>》<br />\
<br />\
<img alt="" src="http://localhost:9527/static/img/bi03.f888f1f.jpg" /><br />\
<br />\
个人博客，用来做什么？我刚开始就把它当做一个我吐槽心情的地方，也就相当于一个网络记事本，写上一些关于自己生活工作中的小情小事，也会放上一些照片，音乐。每天工作回家后就能访问自己的网站，一边听着音乐，一边写写文章。虽然访问人数少，我也不在乎这些，个人博客就好像我自己的一个日记本，来窥探的人多了，反而不自在了。因为博客，我还是交了不少朋友。我网站之前的logo就是网友给我设计的。<br />\
<br />\
后来，也是因为同学说百度搜不着我的个人博客，我才开始琢磨怎么把自己的博客排名提上去，放上去一些自己做过的模板，提供免费下载。页面以前也只有一个首页，当初我就是想着设计一个首页就行了，真正想学的人，一个页面足够了，其他页面，都靠自己设计。现在不同啦，近期版本我提供的模板都很全，实在是架不住人多都来问我怎么只有一个页面，虽然我已经在下载说明里面说得很清楚了。也就是提供了这样一些资源，我的个人博客也不再是一个只关乎自己的一个平台。曝光率越来越高，光天化日之下，哪敢放自己照片，写自己心情啊，于是乎，继续这样的模式吧，把自己写的模板放到网站上去。乐于分享，是能结交到很多朋友的。<br />\
<br />\
我的个人博客，在今年三月份之前是没有提供后台安装，调试这些服务的。其实一直都有人找我做个人博客，因为调试时间还有修改的问题，从上传到安装到修改调试，一般要四五个小时，我怕收费高，所以一直都是拒绝的。自从推出来《<a href="http://www.yangqq.com/download/div/2017-09-08/789.html" target="_blank">心蓝时间轴</a>》后，主动找我做网站的也多了，他们都说是我粉丝，喜欢我的模板，所以我在模板下面写了付费说明，我的个人博客也开始有了付费项目。<br />\
<br />\
<img alt="" src="http://localhost:9527/static/img/bi06.9e798fa.jpg" /><br />\
<br />\
我接到的第一单，是一位父亲，想给自家的宝贝建立一个博客。他说他想买一个域名，谈了好几天，最终花了8000多购买到，我挺敬佩他的，对孩子的爱，毫不吝啬。域名固然重要，其实我想说坚持用博客来记录宝贝成长点滴，才是最有价值的。第二单是一个阅读网站，从加他到跟他聊，看他朋友圈，很有才气的一个人，也相当有爱心，他的网站大部分是分享给一些爱好阅读的长者。还有些就是技术类的站长，做资讯，做旅游，做推广的。通常，从选的模板就能看出来网站类型。《<a href="http://www.yangqq.com/download/div/2017-09-08/789.html">心蓝时间轴</a>》偏个人，《<a href="http://www.yangqq.com/download/div/2018-03-18/807.html">绅士</a>》，《<a href="http://www.yangqq.com/download/div/2018-04-22/815.html" target="_blank">格调</a>》偏技术，资讯。《<a href="http://www.yangqq.com/download/div/2018-04-18/814.html" target="_blank">清雅</a>》，《<a href="http://www.yangqq.com/download/div/2017-07-16/785.html" target="_blank">水墨古典</a>》偏文艺。但也有对我防备心的，比如说付款方式，能不能走淘宝，这些我也能理解，但是有些吧，从一开始聊，感觉就不太好，理应就认为不应该收钱，收钱干嘛，到处都是免费的，听到这些，我也慢慢解释。其实他们并不了解我，了解我的网站，只要是从我博客来的，关注过一段时间的，都知道青姐的人品是咋样的。用&ldquo;心塞&rdquo;这个词，毫不为过吧。<br />\
<br />\
我做过的网站，每过一段时间，我都会一个个点击看看进展怎么样，个人博客，不像真实的面对面聊，更多的是文字的交流，不得不说有时候文字传达的信息更能了解一个人，甚至有心灵共鸣。我想我还会再重新做一个仅仅属于自己的个人博客，如果你也想要做一个博客，用来记录自己的家庭，工作，生活，或者讨女友欢心，不妨现在就开始吧！</p>\
	7e0e93ea6cdb44ae92e58f48e6496ed7	0	0	ee98646f1d684fa4b74f4bff1e1c6f2d	1	2018-09-25 10:34:19	2018-09-25 10:34:19	\N	1	陌溪_	蘑菇博客	2c93dfab0e754006866f8ed486923a41	0	1
03dc51d5c94f4c0e80a120b732940b61	别让这些闹心的套路，毁了你的网页设计!	别让这些闹心的套路，毁了你的网页设计!	<p>本文很长，记录了我博客建站初到现在的过程，还有我从毕业到现在的一个状态，感谢您的阅读，如果你还是学生，也许你能从此文中，找到我们曾经相似的地方。如果你已经工作，有自己的博客，我想，你并没有忘记当初建立个人博客的初衷吧！<br />\
<br />\
我的个人博客已经建站有8年的时间了，对它的热爱，一直都是只增未减。回想大学读书的那几年，那会儿非常流行QQ空间，我们寝室的室友还经常邀约去学校的网吧做自己的空间。系里有个男生，空间做得非常漂亮，什么悬浮，开场动画，音乐播放器，我们女生羡慕得不得了。还邀约他跟我们一起去通宵弄空间，网上可以找到很多免费的flash资源，还有音乐，那也是第一次接触js，知道在浏览器输入一个地址，修改一下数据，就能调用一些背景出来。然后把自己QQ空间弄得漂漂亮亮的，经常邀约室友来互踩。我记得08年地震，第二天晚上，我们寝室的几个人还淡定的在寝室装扮空间呢！<br />\
<br />\
<img alt="" src="http://localhost:9527/static/img/bi01.6aa7b86.jpg" /><br />\
<br />\
后来空间收费项目也多了，官方漏洞也修复了，加上临近毕业，又要忙着做毕业设计，就没再打理QQ空间。我知道现在的九零后，零零后，你们肯定没看过《一帘幽梦》，那会儿我也是疯狂追剧，喜欢上紫菱，喜欢上她的网站。想看看她的小世界，而我更想学着做一个她那样的网站。那会儿还天真的以为网上真的有她的网站，百度搜了好些天也没有。<br />\
<br />\
要毕业的时候，要交作业了，感觉自己什么都没学会。室友拉着我们去看了她同学做的网站，我们一个个佩服得五体投地，甚至觉得太不可思议了。有难度，又怕自己不会。老师教我们怎么布局，怎么做，并没有教我们右键保存网页。不知道是谁先会了这绝技，然后我们一个个又跟打了鸡血似的，疯狂在网上找网页，右键另存为。然后一个个修改文字，图片。仿佛又回到了那会儿做QQ空间那个时候。拿着copy来，并且精心修改的作品，递交了毕业设计，顺利结业。那会儿还是很蒙，一种云里雾里的感觉，竟有种不知道自己到底是会还是不会的感觉，也就是大家常说的毕业迷茫期。<br />\
<br />\
<img alt="" src="http://localhost:9527/static/img/bi02.979b5e2.jpg" /><br />\
<br />\
工作后进入社会，出去谈业务，遇到一个对网页设计超级感兴趣的人，聊了一下午都还不够，他是完全自学的，做了一个首页宣传他们的产品。他眼里的我就是专业的，总是请教我一些问题。其实我内心特羡慕人家，每次问我，我也似懂非懂的跟人家解决问题，但我还是经常靠百度来搜索他要的答案。他身上那种好学好问的那股劲儿，也成为我迫切想拥有自己的个人博客的一个重要原因。<br />\
<br />\
做博客不是说做就做的，很多东西我都不懂，也不知道要购买域名还有空间。前期要做的工作还是很多。幸好张园同学，也是我实习期的同事，他会这些，教我网上找免费的虚拟空间，然后就是把自己做的页面上传进去，还给了有一个地址，然后就能访问了。那是第一次接触，也了解了整个网站的制作过程，只可惜买域名还有空间需要费用，还在实习期的我，想想也就算了。虚拟空间毕竟是免费的，没多长时间，做过的网页就不能访问了，又得重新注册，重新上传。<br />\
<br />\
等自己有一些资金和技术后，我开始买域名和空间。从一开始，我就没想过只是练练手，或者用一段时间就行了。我会一直用下去，所以精心挑选了域名和空间。这些年除了域名没有更换外，后台程序由asp换成了php，空间从西部数据换成万网，也就是现在的阿里云。一步步升级，就想把最好的一面呈现给大家。很多人问我网站速度怎么访问那么快，其实一是网站程序，页面最好是静态页面。每次我写的代码的时候，我都在琢磨怎么减少代码，减少使用div和图片，让html结构简单化，而又不失美观。所以，网站也改版了有好几次。二是空间还有带宽。这个其实很重要，现在备案跟以前比，快很多了，快的话一星期，慢的话顶多二十天。所以，不是因为特着急的话，还是用国内空间。关于国外空间，其实现在阿里云的香港虚拟主机也不错，访问还是上传都比以前好很多了。用它的小伙伴也挺多。延伸阅读 《<a href="http://www.yangqq.com/jstt/web/2014-01-18/644.html" target="_blank">我的个人博客之&mdash;&mdash;阿里云空间选择</a>》<br />\
<br />\
<img alt="" src="http://localhost:9527/static/img/bi03.f888f1f.jpg" /><br />\
<br />\
个人博客，用来做什么？我刚开始就把它当做一个我吐槽心情的地方，也就相当于一个网络记事本，写上一些关于自己生活工作中的小情小事，也会放上一些照片，音乐。每天工作回家后就能访问自己的网站，一边听着音乐，一边写写文章。虽然访问人数少，我也不在乎这些，个人博客就好像我自己的一个日记本，来窥探的人多了，反而不自在了。因为博客，我还是交了不少朋友。我网站之前的logo就是网友给我设计的。<br />\
<br />\
后来，也是因为同学说百度搜不着我的个人博客，我才开始琢磨怎么把自己的博客排名提上去，放上去一些自己做过的模板，提供免费下载。页面以前也只有一个首页，当初我就是想着设计一个首页就行了，真正想学的人，一个页面足够了，其他页面，都靠自己设计。现在不同啦，近期版本我提供的模板都很全，实在是架不住人多都来问我怎么只有一个页面，虽然我已经在下载说明里面说得很清楚了。也就是提供了这样一些资源，我的个人博客也不再是一个只关乎自己的一个平台。曝光率越来越高，光天化日之下，哪敢放自己照片，写自己心情啊，于是乎，继续这样的模式吧，把自己写的模板放到网站上去。乐于分享，是能结交到很多朋友的。<br />\
<br />\
我的个人博客，在今年三月份之前是没有提供后台安装，调试这些服务的。其实一直都有人找我做个人博客，因为调试时间还有修改的问题，从上传到安装到修改调试，一般要四五个小时，我怕收费高，所以一直都是拒绝的。自从推出来《<a href="http://www.yangqq.com/download/div/2017-09-08/789.html" target="_blank">心蓝时间轴</a>》后，主动找我做网站的也多了，他们都说是我粉丝，喜欢我的模板，所以我在模板下面写了付费说明，我的个人博客也开始有了付费项目。<br />\
<br />\
<img alt="" src="http://localhost:9527/static/img/bi06.9e798fa.jpg" /><br />\
<br />\
我接到的第一单，是一位父亲，想给自家的宝贝建立一个博客。他说他想买一个域名，谈了好几天，最终花了8000多购买到，我挺敬佩他的，对孩子的爱，毫不吝啬。域名固然重要，其实我想说坚持用博客来记录宝贝成长点滴，才是最有价值的。第二单是一个阅读网站，从加他到跟他聊，看他朋友圈，很有才气的一个人，也相当有爱心，他的网站大部分是分享给一些爱好阅读的长者。还有些就是技术类的站长，做资讯，做旅游，做推广的。通常，从选的模板就能看出来网站类型。《<a href="http://www.yangqq.com/download/div/2017-09-08/789.html">心蓝时间轴</a>》偏个人，《<a href="http://www.yangqq.com/download/div/2018-03-18/807.html">绅士</a>》，《<a href="http://www.yangqq.com/download/div/2018-04-22/815.html" target="_blank">格调</a>》偏技术，资讯。《<a href="http://www.yangqq.com/download/div/2018-04-18/814.html" target="_blank">清雅</a>》，《<a href="http://www.yangqq.com/download/div/2017-07-16/785.html" target="_blank">水墨古典</a>》偏文艺。但也有对我防备心的，比如说付款方式，能不能走淘宝，这些我也能理解，但是有些吧，从一开始聊，感觉就不太好，理应就认为不应该收钱，收钱干嘛，到处都是免费的，听到这些，我也慢慢解释。其实他们并不了解我，了解我的网站，只要是从我博客来的，关注过一段时间的，都知道青姐的人品是咋样的。用&ldquo;心塞&rdquo;这个词，毫不为过吧。<br />\
<br />\
我做过的网站，每过一段时间，我都会一个个点击看看进展怎么样，个人博客，不像真实的面对面聊，更多的是文字的交流，不得不说有时候文字传达的信息更能了解一个人，甚至有心灵共鸣。我想我还会再重新做一个仅仅属于自己的个人博客，如果你也想要做一个博客，用来记录自己的家庭，工作，生活，或者讨女友欢心，不妨现在就开始吧！</p>\
	7e0e93ea6cdb44ae92e58f48e6496ed7	0	0	95ebbd393dc9432a9d65ac0d7b35cd5c	1	2018-09-25 10:34:19	2018-09-25 10:34:19	\N	1	陌溪_	蘑菇博客	2c93dfab0e754006866f8ed486923a41	0	1
03dc51d5c94f4c0e80a120b732940b63	别让这些闹心的套路，毁了你的网页设计!	别让这些闹心的套路，毁了你的网页设计!	<p>本文很长，记录了我博客建站初到现在的过程，还有我从毕业到现在的一个状态，感谢您的阅读，如果你还是学生，也许你能从此文中，找到我们曾经相似的地方。如果你已经工作，有自己的博客，我想，你并没有忘记当初建立个人博客的初衷吧！<br />\
<br />\
我的个人博客已经建站有8年的时间了，对它的热爱，一直都是只增未减。回想大学读书的那几年，那会儿非常流行QQ空间，我们寝室的室友还经常邀约去学校的网吧做自己的空间。系里有个男生，空间做得非常漂亮，什么悬浮，开场动画，音乐播放器，我们女生羡慕得不得了。还邀约他跟我们一起去通宵弄空间，网上可以找到很多免费的flash资源，还有音乐，那也是第一次接触js，知道在浏览器输入一个地址，修改一下数据，就能调用一些背景出来。然后把自己QQ空间弄得漂漂亮亮的，经常邀约室友来互踩。我记得08年地震，第二天晚上，我们寝室的几个人还淡定的在寝室装扮空间呢！<br />\
<br />\
<img alt="" src="http://localhost:9527/static/img/bi01.6aa7b86.jpg" /><br />\
<br />\
后来空间收费项目也多了，官方漏洞也修复了，加上临近毕业，又要忙着做毕业设计，就没再打理QQ空间。我知道现在的九零后，零零后，你们肯定没看过《一帘幽梦》，那会儿我也是疯狂追剧，喜欢上紫菱，喜欢上她的网站。想看看她的小世界，而我更想学着做一个她那样的网站。那会儿还天真的以为网上真的有她的网站，百度搜了好些天也没有。<br />\
<br />\
要毕业的时候，要交作业了，感觉自己什么都没学会。室友拉着我们去看了她同学做的网站，我们一个个佩服得五体投地，甚至觉得太不可思议了。有难度，又怕自己不会。老师教我们怎么布局，怎么做，并没有教我们右键保存网页。不知道是谁先会了这绝技，然后我们一个个又跟打了鸡血似的，疯狂在网上找网页，右键另存为。然后一个个修改文字，图片。仿佛又回到了那会儿做QQ空间那个时候。拿着copy来，并且精心修改的作品，递交了毕业设计，顺利结业。那会儿还是很蒙，一种云里雾里的感觉，竟有种不知道自己到底是会还是不会的感觉，也就是大家常说的毕业迷茫期。<br />\
<br />\
<img alt="" src="http://localhost:9527/static/img/bi02.979b5e2.jpg" /><br />\
<br />\
工作后进入社会，出去谈业务，遇到一个对网页设计超级感兴趣的人，聊了一下午都还不够，他是完全自学的，做了一个首页宣传他们的产品。他眼里的我就是专业的，总是请教我一些问题。其实我内心特羡慕人家，每次问我，我也似懂非懂的跟人家解决问题，但我还是经常靠百度来搜索他要的答案。他身上那种好学好问的那股劲儿，也成为我迫切想拥有自己的个人博客的一个重要原因。<br />\
<br />\
做博客不是说做就做的，很多东西我都不懂，也不知道要购买域名还有空间。前期要做的工作还是很多。幸好张园同学，也是我实习期的同事，他会这些，教我网上找免费的虚拟空间，然后就是把自己做的页面上传进去，还给了有一个地址，然后就能访问了。那是第一次接触，也了解了整个网站的制作过程，只可惜买域名还有空间需要费用，还在实习期的我，想想也就算了。虚拟空间毕竟是免费的，没多长时间，做过的网页就不能访问了，又得重新注册，重新上传。<br />\
<br />\
等自己有一些资金和技术后，我开始买域名和空间。从一开始，我就没想过只是练练手，或者用一段时间就行了。我会一直用下去，所以精心挑选了域名和空间。这些年除了域名没有更换外，后台程序由asp换成了php，空间从西部数据换成万网，也就是现在的阿里云。一步步升级，就想把最好的一面呈现给大家。很多人问我网站速度怎么访问那么快，其实一是网站程序，页面最好是静态页面。每次我写的代码的时候，我都在琢磨怎么减少代码，减少使用div和图片，让html结构简单化，而又不失美观。所以，网站也改版了有好几次。二是空间还有带宽。这个其实很重要，现在备案跟以前比，快很多了，快的话一星期，慢的话顶多二十天。所以，不是因为特着急的话，还是用国内空间。关于国外空间，其实现在阿里云的香港虚拟主机也不错，访问还是上传都比以前好很多了。用它的小伙伴也挺多。延伸阅读 《<a href="http://www.yangqq.com/jstt/web/2014-01-18/644.html" target="_blank">我的个人博客之&mdash;&mdash;阿里云空间选择</a>》<br />\
<br />\
<img alt="" src="http://localhost:9527/static/img/bi03.f888f1f.jpg" /><br />\
<br />\
个人博客，用来做什么？我刚开始就把它当做一个我吐槽心情的地方，也就相当于一个网络记事本，写上一些关于自己生活工作中的小情小事，也会放上一些照片，音乐。每天工作回家后就能访问自己的网站，一边听着音乐，一边写写文章。虽然访问人数少，我也不在乎这些，个人博客就好像我自己的一个日记本，来窥探的人多了，反而不自在了。因为博客，我还是交了不少朋友。我网站之前的logo就是网友给我设计的。<br />\
<br />\
后来，也是因为同学说百度搜不着我的个人博客，我才开始琢磨怎么把自己的博客排名提上去，放上去一些自己做过的模板，提供免费下载。页面以前也只有一个首页，当初我就是想着设计一个首页就行了，真正想学的人，一个页面足够了，其他页面，都靠自己设计。现在不同啦，近期版本我提供的模板都很全，实在是架不住人多都来问我怎么只有一个页面，虽然我已经在下载说明里面说得很清楚了。也就是提供了这样一些资源，我的个人博客也不再是一个只关乎自己的一个平台。曝光率越来越高，光天化日之下，哪敢放自己照片，写自己心情啊，于是乎，继续这样的模式吧，把自己写的模板放到网站上去。乐于分享，是能结交到很多朋友的。<br />\
<br />\
我的个人博客，在今年三月份之前是没有提供后台安装，调试这些服务的。其实一直都有人找我做个人博客，因为调试时间还有修改的问题，从上传到安装到修改调试，一般要四五个小时，我怕收费高，所以一直都是拒绝的。自从推出来《<a href="http://www.yangqq.com/download/div/2017-09-08/789.html" target="_blank">心蓝时间轴</a>》后，主动找我做网站的也多了，他们都说是我粉丝，喜欢我的模板，所以我在模板下面写了付费说明，我的个人博客也开始有了付费项目。<br />\
<br />\
<img alt="" src="http://localhost:9527/static/img/bi06.9e798fa.jpg" /><br />\
<br />\
我接到的第一单，是一位父亲，想给自家的宝贝建立一个博客。他说他想买一个域名，谈了好几天，最终花了8000多购买到，我挺敬佩他的，对孩子的爱，毫不吝啬。域名固然重要，其实我想说坚持用博客来记录宝贝成长点滴，才是最有价值的。第二单是一个阅读网站，从加他到跟他聊，看他朋友圈，很有才气的一个人，也相当有爱心，他的网站大部分是分享给一些爱好阅读的长者。还有些就是技术类的站长，做资讯，做旅游，做推广的。通常，从选的模板就能看出来网站类型。《<a href="http://www.yangqq.com/download/div/2017-09-08/789.html">心蓝时间轴</a>》偏个人，《<a href="http://www.yangqq.com/download/div/2018-03-18/807.html">绅士</a>》，《<a href="http://www.yangqq.com/download/div/2018-04-22/815.html" target="_blank">格调</a>》偏技术，资讯。《<a href="http://www.yangqq.com/download/div/2018-04-18/814.html" target="_blank">清雅</a>》，《<a href="http://www.yangqq.com/download/div/2017-07-16/785.html" target="_blank">水墨古典</a>》偏文艺。但也有对我防备心的，比如说付款方式，能不能走淘宝，这些我也能理解，但是有些吧，从一开始聊，感觉就不太好，理应就认为不应该收钱，收钱干嘛，到处都是免费的，听到这些，我也慢慢解释。其实他们并不了解我，了解我的网站，只要是从我博客来的，关注过一段时间的，都知道青姐的人品是咋样的。用&ldquo;心塞&rdquo;这个词，毫不为过吧。<br />\
<br />\
我做过的网站，每过一段时间，我都会一个个点击看看进展怎么样，个人博客，不像真实的面对面聊，更多的是文字的交流，不得不说有时候文字传达的信息更能了解一个人，甚至有心灵共鸣。我想我还会再重新做一个仅仅属于自己的个人博客，如果你也想要做一个博客，用来记录自己的家庭，工作，生活，或者讨女友欢心，不妨现在就开始吧！</p>\
	7e0e93ea6cdb44ae92e58f48e6496ed7	0	0	95ebbd393dc9432a9d65ac0d7b35cd5c,720cc8699ccb484caf1c20a477c66382,dde8800dd17c4b8c9de9169fbb0a49f9,35e191c4bfcd45bca64d3b21533ca6b6,829ad31089404f0eb52baa1a8e19705c	1	2018-09-25 10:34:19	2018-09-25 10:34:19	\N	1	陌溪_	蘑菇博客	2c93dfab0e754006866f8ed486923a41	0	1
07e0a628d677420092aa63fea13f5f21	别让这些闹心的套路，毁了你的网页设计!	别让这些闹心的套路，毁了你的网页设计!	<p>本文很长，记录了我博客建站初到现在的过程，还有我从毕业到现在的一个状态，感谢您的阅读，如果你还是学生，也许你能从此文中，找到我们曾经相似的地方。如果你已经工作，有自己的博客，我想，你并没有忘记当初建立个人博客的初衷吧！<br />\
<br />\
我的个人博客已经建站有8年的时间了，对它的热爱，一直都是只增未减。回想大学读书的那几年，那会儿非常流行QQ空间，我们寝室的室友还经常邀约去学校的网吧做自己的空间。系里有个男生，空间做得非常漂亮，什么悬浮，开场动画，音乐播放器，我们女生羡慕得不得了。还邀约他跟我们一起去通宵弄空间，网上可以找到很多免费的flash资源，还有音乐，那也是第一次接触js，知道在浏览器输入一个地址，修改一下数据，就能调用一些背景出来。然后把自己QQ空间弄得漂漂亮亮的，经常邀约室友来互踩。我记得08年地震，第二天晚上，我们寝室的几个人还淡定的在寝室装扮空间呢！<br />\
<br />\
<img alt="" src="http://localhost:9527/static/img/bi01.6aa7b86.jpg" /><br />\
<br />\
后来空间收费项目也多了，官方漏洞也修复了，加上临近毕业，又要忙着做毕业设计，就没再打理QQ空间。我知道现在的九零后，零零后，你们肯定没看过《一帘幽梦》，那会儿我也是疯狂追剧，喜欢上紫菱，喜欢上她的网站。想看看她的小世界，而我更想学着做一个她那样的网站。那会儿还天真的以为网上真的有她的网站，百度搜了好些天也没有。<br />\
<br />\
要毕业的时候，要交作业了，感觉自己什么都没学会。室友拉着我们去看了她同学做的网站，我们一个个佩服得五体投地，甚至觉得太不可思议了。有难度，又怕自己不会。老师教我们怎么布局，怎么做，并没有教我们右键保存网页。不知道是谁先会了这绝技，然后我们一个个又跟打了鸡血似的，疯狂在网上找网页，右键另存为。然后一个个修改文字，图片。仿佛又回到了那会儿做QQ空间那个时候。拿着copy来，并且精心修改的作品，递交了毕业设计，顺利结业。那会儿还是很蒙，一种云里雾里的感觉，竟有种不知道自己到底是会还是不会的感觉，也就是大家常说的毕业迷茫期。<br />\
<br />\
<img alt="" src="http://localhost:9527/static/img/bi02.979b5e2.jpg" /><br />\
<br />\
工作后进入社会，出去谈业务，遇到一个对网页设计超级感兴趣的人，聊了一下午都还不够，他是完全自学的，做了一个首页宣传他们的产品。他眼里的我就是专业的，总是请教我一些问题。其实我内心特羡慕人家，每次问我，我也似懂非懂的跟人家解决问题，但我还是经常靠百度来搜索他要的答案。他身上那种好学好问的那股劲儿，也成为我迫切想拥有自己的个人博客的一个重要原因。<br />\
<br />\
做博客不是说做就做的，很多东西我都不懂，也不知道要购买域名还有空间。前期要做的工作还是很多。幸好张园同学，也是我实习期的同事，他会这些，教我网上找免费的虚拟空间，然后就是把自己做的页面上传进去，还给了有一个地址，然后就能访问了。那是第一次接触，也了解了整个网站的制作过程，只可惜买域名还有空间需要费用，还在实习期的我，想想也就算了。虚拟空间毕竟是免费的，没多长时间，做过的网页就不能访问了，又得重新注册，重新上传。<br />\
<br />\
等自己有一些资金和技术后，我开始买域名和空间。从一开始，我就没想过只是练练手，或者用一段时间就行了。我会一直用下去，所以精心挑选了域名和空间。这些年除了域名没有更换外，后台程序由asp换成了php，空间从西部数据换成万网，也就是现在的阿里云。一步步升级，就想把最好的一面呈现给大家。很多人问我网站速度怎么访问那么快，其实一是网站程序，页面最好是静态页面。每次我写的代码的时候，我都在琢磨怎么减少代码，减少使用div和图片，让html结构简单化，而又不失美观。所以，网站也改版了有好几次。二是空间还有带宽。这个其实很重要，现在备案跟以前比，快很多了，快的话一星期，慢的话顶多二十天。所以，不是因为特着急的话，还是用国内空间。关于国外空间，其实现在阿里云的香港虚拟主机也不错，访问还是上传都比以前好很多了。用它的小伙伴也挺多。延伸阅读 《<a href="http://www.yangqq.com/jstt/web/2014-01-18/644.html" target="_blank">我的个人博客之&mdash;&mdash;阿里云空间选择</a>》<br />\
<br />\
<img alt="" src="http://localhost:9527/static/img/bi03.f888f1f.jpg" /><br />\
<br />\
个人博客，用来做什么？我刚开始就把它当做一个我吐槽心情的地方，也就相当于一个网络记事本，写上一些关于自己生活工作中的小情小事，也会放上一些照片，音乐。每天工作回家后就能访问自己的网站，一边听着音乐，一边写写文章。虽然访问人数少，我也不在乎这些，个人博客就好像我自己的一个日记本，来窥探的人多了，反而不自在了。因为博客，我还是交了不少朋友。我网站之前的logo就是网友给我设计的。<br />\
<br />\
后来，也是因为同学说百度搜不着我的个人博客，我才开始琢磨怎么把自己的博客排名提上去，放上去一些自己做过的模板，提供免费下载。页面以前也只有一个首页，当初我就是想着设计一个首页就行了，真正想学的人，一个页面足够了，其他页面，都靠自己设计。现在不同啦，近期版本我提供的模板都很全，实在是架不住人多都来问我怎么只有一个页面，虽然我已经在下载说明里面说得很清楚了。也就是提供了这样一些资源，我的个人博客也不再是一个只关乎自己的一个平台。曝光率越来越高，光天化日之下，哪敢放自己照片，写自己心情啊，于是乎，继续这样的模式吧，把自己写的模板放到网站上去。乐于分享，是能结交到很多朋友的。<br />\
<br />\
我的个人博客，在今年三月份之前是没有提供后台安装，调试这些服务的。其实一直都有人找我做个人博客，因为调试时间还有修改的问题，从上传到安装到修改调试，一般要四五个小时，我怕收费高，所以一直都是拒绝的。自从推出来《<a href="http://www.yangqq.com/download/div/2017-09-08/789.html" target="_blank">心蓝时间轴</a>》后，主动找我做网站的也多了，他们都说是我粉丝，喜欢我的模板，所以我在模板下面写了付费说明，我的个人博客也开始有了付费项目。<br />\
<br />\
<img alt="" src="http://localhost:9527/static/img/bi06.9e798fa.jpg" /><br />\
<br />\
我接到的第一单，是一位父亲，想给自家的宝贝建立一个博客。他说他想买一个域名，谈了好几天，最终花了8000多购买到，我挺敬佩他的，对孩子的爱，毫不吝啬。域名固然重要，其实我想说坚持用博客来记录宝贝成长点滴，才是最有价值的。第二单是一个阅读网站，从加他到跟他聊，看他朋友圈，很有才气的一个人，也相当有爱心，他的网站大部分是分享给一些爱好阅读的长者。还有些就是技术类的站长，做资讯，做旅游，做推广的。通常，从选的模板就能看出来网站类型。《<a href="http://www.yangqq.com/download/div/2017-09-08/789.html">心蓝时间轴</a>》偏个人，《<a href="http://www.yangqq.com/download/div/2018-03-18/807.html">绅士</a>》，《<a href="http://www.yangqq.com/download/div/2018-04-22/815.html" target="_blank">格调</a>》偏技术，资讯。《<a href="http://www.yangqq.com/download/div/2018-04-18/814.html" target="_blank">清雅</a>》，《<a href="http://www.yangqq.com/download/div/2017-07-16/785.html" target="_blank">水墨古典</a>》偏文艺。但也有对我防备心的，比如说付款方式，能不能走淘宝，这些我也能理解，但是有些吧，从一开始聊，感觉就不太好，理应就认为不应该收钱，收钱干嘛，到处都是免费的，听到这些，我也慢慢解释。其实他们并不了解我，了解我的网站，只要是从我博客来的，关注过一段时间的，都知道青姐的人品是咋样的。用&ldquo;心塞&rdquo;这个词，毫不为过吧。<br />\
<br />\
我做过的网站，每过一段时间，我都会一个个点击看看进展怎么样，个人博客，不像真实的面对面聊，更多的是文字的交流，不得不说有时候文字传达的信息更能了解一个人，甚至有心灵共鸣。我想我还会再重新做一个仅仅属于自己的个人博客，如果你也想要做一个博客，用来记录自己的家庭，工作，生活，或者讨女友欢心，不妨现在就开始吧！</p>\
	a9a747d944c24845815356f72723ef8e	2	0	95ebbd393dc9432a9d65ac0d7b35cd5c,720cc8699ccb484caf1c20a477c66382,dde8800dd17c4b8c9de9169fbb0a49f9,35e191c4bfcd45bca64d3b21533ca6b6,829ad31089404f0eb52baa1a8e19705c,290a1ee600ce40908604b3a5f7dfe57a	1	2018-09-25 10:33:52	2018-09-25 10:33:52	\N	1	陌溪	蘑菇博客	2c93dfab0e754006866f8ed486923a41	3	1
07e0a628d677420092aa63fea13f5f23	别让这些闹心的套路，毁了你的网页设计!	别让这些闹心的套路，毁了你的网页设计!	<p>别让这些闹心的套路，毁了你的网页设计!</p>\
	a9a747d944c24845815356f72723ef8e	1	0	dde8800dd17c4b8c9de9169fbb0a49f9,35e191c4bfcd45bca64d3b21533ca6b6,82f9380f765044edadbe7ab3e441b51b	1	2018-09-25 10:33:52	2018-09-25 10:33:52	\N	1	陌溪	蘑菇博客	2c93dfab0e754006866f8ed486923a41	3	1
07e0a628d677420092aa63fea13f5f2e	别让这些闹心的套路，毁了你的网页设计!	别让这些闹心的套路，毁了你的网页设计!	<p>别让这些闹心的套路，毁了你的网页设计!</p>\
	a9a747d944c24845815356f72723ef8e	1	0	95ebbd393dc9432a9d65ac0d7b35cd5c,720cc8699ccb484caf1c20a477c66382,dde8800dd17c4b8c9de9169fbb0a49f9,35e191c4bfcd45bca64d3b21533ca6b6,829ad31089404f0eb52baa1a8e19705c,290a1ee600ce40908604b3a5f7dfe57a	1	2018-09-25 10:33:52	2018-09-25 10:33:52	\N	1	陌溪	蘑菇博客	2c93dfab0e754006866f8ed486923a41	0	1
1a6b52726c6c4c2b954b84fec3e36107	测试博客009	测试博客009	<p><img alt="" src="http://120.79.70.126:8600/ckEditorUploadImg/1540110720943.jpg" style="height:100px; width:100px" /></p>\
\
<p>本文很长，记录了我博客建站初到现在的过程，还有我从毕业到现在的一个状态，感谢您的阅读，如果你还是学生，也许你能从此文中，找到我们曾经相似的<img alt="" src="http://120.79.70.126:8600/ckEditorUploadImg/1540110605897.jpg" style="height:450px; width:750px" />地方。如果你已经工作，有自己的博客，我想，你并没有忘记当初建立个人博客的初衷吧！<br />\
<br />\
我的个人博客已经建站有8年的时间了，对它的热爱，一直都是只增未减。回想大学读书的那几年，那会儿非常流行QQ空间，我们寝室的室友还经常邀约去学校的网吧做自己的空间。系里有个男生，空间做得非常漂亮，什么悬浮，开场动画，音乐播放器，我们女生羡慕得不得了。还邀约他跟我们一起去通宵弄空间，网上可以找到很多免费的flash资源，还有音乐，那也是第一次接触js，知道在浏览器输入一个地址，修改一下数据，就能调用一些背景出来。然后把自己QQ空间弄得漂漂亮亮的，经常邀约室友来互踩。我记得08年地震，第二天晚上，我们寝室的几个人还淡定的在寝室装扮空间呢！<br />\
<br />\
<img alt="" src="http://localhost:9527/static/img/bi01.6aa7b86.jpg" /><br />\
<br />\
后来空间收费项目也多了，官方漏洞也修复了，加上临近毕业，又要忙着做毕业设计，就没再打理QQ空间。我知道现在的九零后，零零后，你们肯定没看过《一帘幽梦》，那会儿我也是疯狂追剧，喜欢上紫菱，喜欢上她的网站。想看看她的小世界，而我更想学着做一个她那样的网站。那会儿还天真的以为网上真的有她的网站，百度搜了好些天也没有。<br />\
<br />\
要毕业的时候，要交作业了，感觉自己什么都没学会。室友拉着我们去看了她同学做的网站，我们一个个佩服得五体投地，甚至觉得太不可思议了。有难度，又怕自己不会。老师教我们怎么布局，怎么做，并没有教我们右键保存网页。不知道是谁先会了这绝技，然后我们一个个又跟打了鸡血似的，疯狂在网上找网页，右键另存为。然后一个个修改文字，图片。仿佛又回到了那会儿做QQ空间那个时候。拿着copy来，并且精心修改的作品，递交了毕业设计，顺利结业。那会儿还是很蒙，一种云里雾里的感觉，竟有种不知道自己到底是会还是不会的感觉，也就是大家常说的毕业迷茫期。<br />\
<br />\
<img alt="" src="http://localhost:9527/static/img/bi02.979b5e2.jpg" /><br />\
<br />\
工作后进入社会，出去谈业务，遇到一个对网页设计超级感兴趣的人，聊了一下午都还不够，他是完全自学的，做了一个首页宣传他们的产品。他眼里的我就是专业的，总是请教我一些问题。其实我内心特羡慕人家，每次问我，我也似懂非懂的跟人家解决问题，但我还是经常靠百度来搜索他要的答案。他身上那种好学好问的那股劲儿，也成为我迫切想拥有自己的个人博客的一个重要原因。<br />\
<br />\
做博客不是说做就做的，很多东西我都不懂，也不知道要购买域名还有空间。前期要做的工作还是很多。幸好张园同学，也是我实习期的同事，他会这些，教我网上找免费的虚拟空间，然后就是把自己做的页面上传进去，还给了有一个地址，然后就能访问了。那是第一次接触，也了解了整个网站的制作过程，只可惜买域名还有空间需要费用，还在实习期的我，想想也就算了。虚拟空间毕竟是免费的，没多长时间，做过的网页就不能访问了，又得重新注册，重新上传。<br />\
<br />\
等自己有一些资金和技术后，我开始买域名和空间。从一开始，我就没想过只是练练手，或者用一段时间就行了。我会一直用下去，所以精心挑选了域名和空间。这些年除了域名没有更换外，后台程序由asp换成了php，空间从西部数据换成万网，也就是现在的阿里云。一步步升级，就想把最好的一面呈现给大家。很多人问我网站速度怎么访问那么快，其实一是网站程序，页面最好是静态页面。每次我写的代码的时候，我都在琢磨怎么减少代码，减少使用div和图片，让html结构简单化，而又不失美观。所以，网站也改版了有好几次。二是空间还有带宽。这个其实很重要，现在备案跟以前比，快很多了，快的话一星期，慢的话顶多二十天。所以，不是因为特着急的话，还是用国内空间。关于国外空间，其实现在阿里云的香港虚拟主机也不错，访问还是上传都比以前好很多了。用它的小伙伴也挺多。延伸阅读 《<a href="http://www.yangqq.com/jstt/web/2014-01-18/644.html" target="_blank">我的个人博客之</a></p>\
	e2c7913050cf4ab9aa92902316aaf075	2	0	ee98646f1d684fa4b74f4bff1e1c6f2d	1	2018-09-27 15:14:27	2018-09-27 15:14:27	\N	1	陌溪_	蘑菇博客	2c93dfab0e754006866f8ed486923a41	0	1
1caabfedccc44916aef97ea636470111	别让这些闹心的套路，毁了你的网页设计!	 如图，要实现上图效果，我采用如下方法：1、首先在数据库模型，增加字段，分别是图片2，图片3。2、增加标签模板，用if，else if 来判断，输出。思路已打开，样式调用就可以多样化啦	 如图，要实现上图效果，我采用如下方法：1、首先在数据库模型，增加字段，分别是图片2，图片3。2、增加标签模板，用if，else if 来判断，输出。思路已打开，样式调用就可以多样化啦	f90d3c2fd9434302951130e897a89164	1	0	720cc8699ccb484caf1c20a477c66382	1	2018-09-20 15:51:49	2018-09-20 15:51:49	\N	0	陌溪	蘑菇博客	2c93dfab0e754006866f8ed486923a41	0	1
1caabfedccc44916aef97ea636470113	别让这些闹心的套路，毁了你的网页设计!	 如图，要实现上图效果，我采用如下方法：1、首先在数据库模型，增加字段，分别是图片2，图片3。2、增加标签模板，用if，else if 来判断，输出。思路已打开，样式调用就可以多样化啦	 如图，要实现上图效果，我采用如下方法：1、首先在数据库模型，增加字段，分别是图片2，图片3。2、增加标签模板，用if，else if 来判断，输出。思路已打开，样式调用就可以多样化啦	f90d3c2fd9434302951130e897a89164	1	0	720cc8699ccb484caf1c20a477c66382	1	2018-09-20 15:51:49	2018-09-20 15:51:49	\N	0	陌溪	蘑菇博客	2c93dfab0e754006866f8ed486923a41	0	1
1caabfedccc44916aef97ea636470118	别让这些闹心的套路，毁了你的网页设计!	 如图，要实现上图效果，我采用如下方法：1、首先在数据库模型，增加字段，分别是图片2，图片3。2、增加标签模板，用if，else if 来判断，输出。思路已打开，样式调用就可以多样化啦	 如图，要实现上图效果，我采用如下方法：1、首先在数据库模型，增加字段，分别是图片2，图片3。2、增加标签模板，用if，else if 来判断，输出。思路已打开，样式调用就可以多样化啦	f90d3c2fd9434302951130e897a89164	1	0	720cc8699ccb484caf1c20a477c66382	1	2018-09-20 15:51:49	2018-09-20 15:51:49	\N	0	陌溪	蘑菇博客	2c93dfab0e754006866f8ed486923a41	0	1
29d9d4f06d6c4fae9d226dd8d2e3bd41	别让这些闹心的套路，毁了你的网页设计!	别让这些闹心的套路，毁了你的网页设计!	别让这些闹心的套路，毁了你的网页设计!	e2c7913050cf4ab9aa92902316aaf075	1	0	2cc77c9d08ee41f5a0339af5638d64f7	1	2018-09-25 10:31:17	2018-09-25 10:31:17	\N	1	陌溪	蘑菇博客	2c93dfab0e754006866f8ed486923a41	0	1
29d9d4f06d6c4fae9d226dd8d2e3bd43	别让这些闹心的套路，毁了你的网页设计!	别让这些闹心的套路，毁了你的网页设计!	别让这些闹心的套路，毁了你的网页设计!	e2c7913050cf4ab9aa92902316aaf075	1	0	2cc77c9d08ee41f5a0339af5638d64f7	1	2018-09-25 10:31:17	2018-09-25 10:31:17	\N	1	陌溪	蘑菇博客	2c93dfab0e754006866f8ed486923a41	0	1
29d9d4f06d6c4fae9d226dd8d2e3bd4b	别让这些闹心的套路，毁了你的网页设计!	别让这些闹心的套路，毁了你的网页设计!	别让这些闹心的套路，毁了你的网页设计!	e2c7913050cf4ab9aa92902316aaf075	1	0	2cc77c9d08ee41f5a0339af5638d64f7	1	2018-09-25 10:31:17	2018-09-25 10:31:17	\N	1	陌溪	蘑菇博客	2c93dfab0e754006866f8ed486923a41	0	1
3ec0629cd5d04ec095c7864542cbfb39	测试	null	<p>1、在github上的仓库建立一个存放图片的文件夹，文件夹名字随意。如：img-folder</p>\
\
<p>2、将需要在READNE.md中显示的图片，push到img-folder文件夹中。</p>\
\
<p>3、然后打开github官网，进入仓库的img-folder文件夹中，打开图片</p>\
\
<p>点击红框所示的按钮，copy地址。</p>\
\
<p><img src="https://img-blog.csdn.net/20150119224701447?watermark/2/text/aHR0cDovL2Jsb2cuY3Nkbi5uZXQvcGFueGlhbmd4aW5n/font/5a6L5L2T/fontsize/400/fill/I0JBQkFCMA==/dissolve/70/gravity/Center" /></p>\
\
<p>4、在README.md中填入：</p>\
\
<p>![Image text](https://raw.github.com/yourName/repositpry/master/yourprojectName/img-folder/test.jpg)</p>\
\
<p>保存即可。</p>\
\
<p>注：![Image text]这个标识不可缺少，不然就显示文字了。</p>\
\
<p>Image text：指的是如果图片不存在了，要显示的文字说明。</p>\
\
<p>&nbsp;</p>\
	e2c7913050cf4ab9aa92902316aaf075	0	0	829ad31089404f0eb52baa1a8e19705c	0	2018-10-20 11:18:06	2018-10-20 11:18:06	\N	1	陌溪_	蘑菇博客	093d8bdd01c84890a928e923d5c235fe	0	1
4000982427cb47edb8c626f409d5377d	Linux下Mysql定时备份	Linux下Mysql定时备份	<p>&nbsp; &nbsp; &nbsp; &nbsp;记得原来第一次使用服务器的时候，当初写了一个小网站，想要上传到服务器上去，当初服务器是买的国外的，因为部署的时候，为了方便，就在控制台把防火墙关闭了！（特别提醒，以后千万别干这种傻事），关闭后就开始安装MariaDB，（MariaDB是mysql的社区版），然后端口号和密码都采用的是初始化的，3306，admin admin，所以网站部署完成以后，第二天就被黑客进行端口扫描后，暴力破解了。留下一条索要比特币恢复数据的记录。&nbsp;&nbsp;&nbsp;</p>\
\
<p>&nbsp; &nbsp; &nbsp; 虽然说我们这个网站也没啥人访问，数据丢了也损失不大，但是如果平时写的博客，上传的图片不见了，也会郁闷一阵子。为了防范未然，我们还是采取一点挽救的措施，比如在服务器上面设置定时备份数据库的任务。好啦，下面进入正题！</p>\
\
<p>&nbsp;</p>\
\
<p>1）我们首先创建一个 &nbsp;bak.sh 的脚本文件，然后输入下面的（下面的命令是我给我现在博客设计的，大概意思就是进入 /bak目录下，然后使用 mysqldump 命令对 mogu_picture 和 mogu_blog表进行备份，然后完事后将数据库添加到压缩文件，同时最后就是讲八天前的数据删除，只保留七天的）</p>\
\
<p>&nbsp;</p>\
\
<p>#!/bin/sh</p>\
\
<p>bseDir=&quot;/bak&quot;;</p>\
\
<p>cd &quot;$baseDir&quot;;</p>\
\
<p>echo &quot;开始备份数据库&quot;;</p>\
\
<p>#开始备份mogu_blog数据库</p>\
\
<p>echo `mysqldump&nbsp; -uroot -p&#39;admin&#39; --default-character-set=utf8&nbsp; mogu_blog &gt; mogu_blog_$(date +%Y%m%d).sql`;</p>\
\
<p>#开始备份mogu_picture数据库</p>\
\
<p>echo `mysqldump&nbsp; -uroot -p&#39;w1313375&#39; --default-character-set=utf8&nbsp; mogu_picture &gt; mogu_picture_$(date +%Y%m%d).sql`;</p>\
\
<p>echo &quot;正在进行被封文件打包&quot;</p>\
\
<p>echo `tar zcvf mogu_blog_$(date +%Y%m%d).tar.gz&nbsp; mogu_blog_$(date +%Y%m%d).sql mogu_picture_$(date +%Y%m%d).sql `;</p>\
\
<p>echo `rm -rf mogu_blog_$(date +%Y%m%d).sql`;</p>\
\
<p>echo `rm -rf mogu_picture_$(date +%Y%m%d).sql`;</p>\
\
<p>echo &quot;备份数据完成&quot;;</p>\
\
<p>oldDate=`date --date=&#39;8 day ago&#39; +%Y%m%d`;</p>\
\
<p>#删除当前日期-8的备份</p>\
\
<p>echo `rm -rf mogu_blog_$oldDate*`;</p>\
\
<p>echo &quot;删除$oldDate的备份成功&quot;</p>\
\
<p>&nbsp;</p>\
\
<p>2) 下面就是使用定时任务，每天执行一次 脚本, 这是使用的是crond</p>\
\
<p>&nbsp; &nbsp; crond是linux下用来周期性的执行某种任务或等待处理某些事件的一个守护进程，与windows下的计划任务类似，当安装完成操作系统后，默认会安装此服务工具，并且会自动启动crond进程，crond进程每分钟会定期检查是否有要执行的任务，如果有要执行的任务，则自动执行该任务。</p>\
\
<p>&nbsp; &nbsp; 用户定期要执行的工作，比如用户数据备份、定时邮件提醒等。用户可以使用&nbsp;crontab&nbsp;工具来定制自己的计划任务。所有用户定义的crontab&nbsp;文件都被保存在&nbsp;/var/spool/cron目录中。其文件名与用户名一致。</p>\
\
<p><strong>crontab文件的含义：</strong></p>\
\
<p>用户所建立的crontab文件中，每一行都代表一项任务，每行的每个字段代表一项设置，它的格式共分为六个字段，前五段是时间设定段，第六段是要执行的命令段，格式如下：</p>\
\
<p>minute&nbsp;&nbsp;&nbsp;hour&nbsp;&nbsp;&nbsp;day&nbsp;&nbsp;&nbsp;month&nbsp;&nbsp;&nbsp;week&nbsp;&nbsp;&nbsp;command</p>\
\
<p>其中：</p>\
\
<p>minute：&nbsp;表示分钟，可以是从0到59之间的任何整数。</p>\
\
<p>hour：表示小时，可以是从0到23之间的任何整数。</p>\
\
<p>day：表示日期，可以是从1到31之间的任何整数。</p>\
\
<p>month：表示月份，可以是从1到12之间的任何整数。</p>\
\
<p>week：表示星期几，可以是从0到7之间的任何整数，这里的0或7代表星期日。</p>\
\
<p>command：要执行的命令，可以是系统命令，也可以是自己编写的脚本文件。</p>\
\
<p><img alt="" src="http://120.79.70.126:8600/ckEditorUploadImg/1541314306339.png" style="height:450px; width:542px" /></p>\
\
<p><strong>在以上各个字段中，还可以使用以下特殊字符：</strong></p>\
\
<p>星号（*）：代表所有可能的值，例如month字段如果是星号，则表示在满足其它字段的制约条件后每月都执行该命令操作。</p>\
\
<p>逗号（,）：可以用逗号隔开的值指定一个列表范围，例如，&ldquo;1,2,5,7,8,9&rdquo;</p>\
\
<p>中杠（-）：可以用整数之间的中杠表示一个整数范围，例如&ldquo;2-6&rdquo;表示&ldquo;2,3,4,5,6&rdquo;</p>\
\
<p>正斜线（/）：可以用正斜线指定时间的间隔频率，例如&ldquo;0-23/2&rdquo;表示每两小时执行一次。同时正斜线可以和星号一起使用，例如*/10，如果用在minute字段，表示每十分钟执行一次。</p>\
\
<p>1、首先先按照crond</p>\
\
<p>yum&nbsp;install&nbsp;crontabs</p>\
\
<p>2、crond启动命令</p>\
\
<p>systemctl start crond</p>\
\
<p>3、关闭</p>\
\
<p>systemctl stop crond</p>\
\
<p>4、开启自启</p>\
\
<p>systemctl enable crond</p>\
\
<p>&nbsp;</p>\
\
<p>那么介绍就到这里了，下面我们需要开始创建定时任务了！</p>\
\
<p>首先使用&nbsp; crontab -e 命令 ，会打开一个创建定时任务的vi窗口</p>\
\
<p>0 2 * * * /bak/mogu_blog.sh</p>\
\
<p>然后我们输入上面的命令，就是每天2点，执行&nbsp; /bak文件夹下的定时备份脚本</p>\
\
<p>&nbsp;</p>\
	1d1fd6d26c8e40a38637ef6126c45cd0	0	0	8f1b96ca6c844882858efca25923a62c	1	2018-11-04 11:23:49	2018-11-04 11:23:49	\N	1	陌溪_	蘑菇博客	2c93dfab0e754006866f8ed486923a41	0	1
5354ece1473f408cad1847fe2d55c9a1	别让这些闹心的套路，毁了你的网页设计!	 如图，要实现上图效果，我采用如下方法：1、首先在数据库模型，增加字段，分别是图片2，图片3。2、增加标签模板，用if，else if 来判断，输出。思路已打开，样式调用就可以多样化啦	 如图，要实现上图效果，我采用如下方法：1、首先在数据库模型，增加字段，分别是图片2，图片3。2、增加标签模板，用if，else if 来判断，输出。思路已打开，样式调用就可以多样化啦	e2c7913050cf4ab9aa92902316aaf075	1	0	95ebbd393dc9432a9d65ac0d7b35cd5c	1	2018-09-20 16:42:16	2018-09-20 16:42:16	\N	0	陌溪_	嘻嘻嘻嘻	093d8bdd01c84890a928e923d5c235fe	0	1
5354ece1473f408cad1847fe2d55c9a2	别让这些闹心的套路，毁了你的网页设计!	 如图，要实现上图效果，我采用如下方法：1、首先在数据库模型，增加字段，分别是图片2，图片3。2、增加标签模板，用if，else if 来判断，输出。思路已打开，样式调用就可以多样化啦	 如图，要实现上图效果，我采用如下方法：1、首先在数据库模型，增加字段，分别是图片2，图片3。2、增加标签模板，用if，else if 来判断，输出。思路已打开，样式调用就可以多样化啦	e2c7913050cf4ab9aa92902316aaf075	1	0	95ebbd393dc9432a9d65ac0d7b35cd5c	1	2018-09-20 16:42:16	2018-09-20 16:42:16	\N	0	陌溪_	嘻嘻嘻嘻	093d8bdd01c84890a928e923d5c235fe	0	1
5354ece1473f408cad1847fe2d55c9a3	别让这些闹心的套路，毁了你的网页设计!	 如图，要实现上图效果，我采用如下方法：1、首先在数据库模型，增加字段，分别是图片2，图片3。2、增加标签模板，用if，else if 来判断，输出。思路已打开，样式调用就可以多样化啦	 如图，要实现上图效果，我采用如下方法：1、首先在数据库模型，增加字段，分别是图片2，图片3。2、增加标签模板，用if，else if 来判断，输出。思路已打开，样式调用就可以多样化啦	e2c7913050cf4ab9aa92902316aaf075	1	0	95ebbd393dc9432a9d65ac0d7b35cd5c	1	2018-09-20 16:42:16	2018-09-20 16:42:16	\N	0	陌溪_	嘻嘻嘻嘻	093d8bdd01c84890a928e923d5c235fe	0	1
5821462bc29a4570ad80e87f3aa3f021	别让这些闹心的套路，毁了你的网页设计!	 如图，要实现上图效果，我采用如下方法：1、首先在数据库模型，增加字段，分别是图片2，图片3。2、增加标签模板，用if，else if 来判断，输出。思路已打开，样式调用就可以多样化啦！...	 如图，要实现上图效果，我采用如下方法：1、首先在数据库模型，增加字段，分别是图片2，图片3。2、增加标签模板，用if，else if 来判断，输出。思路已打开，样式调用就可以多样化啦！...	e2c7913050cf4ab9aa92902316aaf075	13	0	ee98646f1d684fa4b74f4bff1e1c6f2d	1	2018-09-20 14:47:53	2018-09-20 14:47:53	\N	0	陌溪_	蘑菇博客	2c93dfab0e754006866f8ed486923a41	0	1
5821462bc29a4570ad80e87f3aa3f023	别让这些闹心的套路，毁了你的网页设计!	 如图，要实现上图效果，我采用如下方法：1、首先在数据库模型，增加字段，分别是图片2，图片3。2、增加标签模板，用if，else if 来判断，输出。思路已打开，样式调用就可以多样化啦！...	 如图，要实现上图效果，我采用如下方法：1、首先在数据库模型，增加字段，分别是图片2，图片3。2、增加标签模板，用if，else if 来判断，输出。思路已打开，样式调用就可以多样化啦！...	e2c7913050cf4ab9aa92902316aaf075	12	0	ee98646f1d684fa4b74f4bff1e1c6f2d	1	2018-09-20 14:47:53	2018-09-20 14:47:53	\N	0	陌溪_	蘑菇博客	2c93dfab0e754006866f8ed486923a41	0	1
5821462bc29a4570ad80e87f3aa3f02d	别让这些闹心的套路，毁了你的网页设计!	 如图，要实现上图效果，我采用如下方法：1、首先在数据库模型，增加字段，分别是图片2，图片3。2、增加标签模板，用if，else if 来判断，输出。思路已打开，样式调用就可以多样化啦！...	 如图，要实现上图效果，我采用如下方法：1、首先在数据库模型，增加字段，分别是图片2，图片3。2、增加标签模板，用if，else if 来判断，输出。思路已打开，样式调用就可以多样化啦！...	e2c7913050cf4ab9aa92902316aaf075	12	0	ee98646f1d684fa4b74f4bff1e1c6f2d	1	2018-09-20 14:47:53	2018-09-20 14:47:53	\N	0	陌溪_	蘑菇博客	2c93dfab0e754006866f8ed486923a41	0	1
621491e84067454c95cdf07aa385b93c	发多少	发的	<p>发的</p>\
	7e0e93ea6cdb44ae92e58f48e6496ed7	0	0	33217d81d9ad46d4b8141ff5322c0b38	1	2019-01-07 21:56:57	2019-01-07 21:56:57	1f01cd1d2f474743b241d74008b12333	1	小溪	蘑菇博客	2c93dfab0e754006866f8ed486923a41	0	1
6ed5e0d7081a415ab77d92c0bd991c57	测试	测试	<p>本文很长，记录了我博客建站初到现在的过程，还有我从毕业到现在的一个状态，感谢您的阅读，如果你还是学生，也许你能从此文中，找到我们曾经相似的地方。如果你已经工作，有自己的博客，我想，你并没有忘记当初建立个人博客的初衷吧！<br />\
<br />\
我的个人博客已经建站有8年的时间了，对它的热爱，一直都是只增未减。回想大学读书的那几年，那会儿非常流行QQ空间，我们寝室的室友还经常邀约去学校的网吧做自己的空间。系里有个男生，空间做得非常漂亮，什么悬浮，开场动画，音乐播放器，我们女生羡慕得不得了。还邀约他跟我们一起去通宵弄空间，网上可以找到很多免费的flash资源，还有音乐，那也是第一次接触js，知道在浏览器输入一个地址，修改一下数据，就能调用一些背景出来。然后把自己QQ空间弄得漂漂亮亮的，经常邀约室友来互踩。我记得08年地震，第二天晚上，我们寝室的几个人还淡定的在寝室装扮空间呢！<br />\
<br />\
<img alt="" src="http://localhost:9527/static/img/bi01.6aa7b86.jpg" /><br />\
<br />\
后来空间收费项目也多了，官方漏洞也修复了，加上临近毕业，又要忙着做毕业设计，就没再打理QQ空间。我知道现在的九零后，零零后，你们肯定没看过《一帘幽梦》，那会儿我也是疯狂追剧，喜欢上紫菱，喜欢上她的网站。想看看她的小世界，而我更想学着做一个她那样的网站。那会儿还天真的以为网上真的有她的网站，百度搜了好些天也没有。<br />\
<br />\
要毕业的时候，要交作业了，感觉自己什么都没学会。室友拉着我们去看了她同学做的网站，我们一个个佩服得五体投地，甚至觉得太不可思议了。有难度，又怕自己不会。老师教我们怎么布局，怎么做，并没有教我们右键保存网页。不知道是谁先会了这绝技，然后我们一个个又跟打了鸡血似的，疯狂在网上找网页，右键另存为。然后一个个修改文字，图片。仿佛又回到了那会儿做QQ空间那个时候。拿着copy来，并且精心修改的作品，递交了毕业设计，顺利结业。那会儿还是很蒙，一种云里雾里的感觉，竟有种不知道自己到底是会还是不会的感觉，也就是大家常说的毕业迷茫期。<br />\
<br />\
<img alt="" src="http://localhost:9527/static/img/bi02.979b5e2.jpg" /><br />\
<br />\
工作后进入社会，出去谈业务，遇到一个对网页设计超级感兴趣的人，聊了一下午都还不够，他是完全自学的，做了一个首页宣传他们的产品。他眼里的我就是专业的，总是请教我一些问题。其实我内心特羡慕人家，每次问我，我也似懂非懂的跟人家解决问题，但我还是经常靠百度来搜索他要的答案。他身上那种好学好问的那股劲儿，也成为我迫切想拥有自己的个人博客的一个重要原因。<br />\
<br />\
做博客不是说做就做的，很多东西我都不懂，也不知道要购买域名还有空间。前期要做的工作还是很多。幸好张园同学，也是我实习期的同事，他会这些，教我网上找免费的虚拟空间，然后就是把自己做的页面上传进去，还给了有一个地址，然后就能访问了。那是第一次接触，也了解了整个网站的制作过程，只可惜买域名还有空间需要费用，还在实习期的我，想想也就算了。虚拟空间毕竟是免费的，没多长时间，做过的网页就不能访问了，又得重新注册，重新上传。<br />\
<br />\
等自己有一些资金和技术后，我开始买域名和空间。从一开始，我就没想过只是练练手，或者用一段时间就行了。我会一直用下去，所以精心挑选了域名和空间。这些年除了域名没有更换外，后台程序由asp换成了php，空间从西部数据换成万网，也就是现在的阿里云。一步步升级，就想把最好的一面呈现给大家。很多人问我网站速度怎么访问那么快，其实一是网站程序，页面最好是静态页面。每次我写的代码的时候，我都在琢磨怎么减少代码，减少使用div和图片，让html结构简单化，而又不失美观。所以，网站也改版了有好几次。二是空间还有带宽。这个其实很重要，现在备案跟以前比，快很多了，快的话一星期，慢的话顶多二十天。所以，不是因为特着急的话，还是用国内空间。关于国外空间，其实现在阿里云的香港虚拟主机也不错，访问还是上传都比以前好很多了。用它的小伙伴也挺多。延伸阅读 《<a href="http://www.yangqq.com/jstt/web/2014-01-18/644.html" target="_blank">我的个人博客之&mdash;&mdash;阿里云空间选择</a>》<br />\
<br />\
<img alt="" src="http://localhost:9527/static/img/bi03.f888f1f.jpg" /><br />\
<br />\
个人博客，用来做什么？我刚开始就把它当做一个我吐槽心情的地方，也就相当于一个网络记事本，写上一些关于自己生活工作中的小情小事，也会放上一些照片，音乐。每天工作回家后就能访问自己的网站，一边听着音乐，一边写写文章。虽然访问人数少，我也不在乎这些，个人博客就好像我自己的一个日记本，来窥探的人多了，反而不自在了。因为博客，我还是交了不少朋友。我网站之前的logo就是网友给我设计的。<br />\
<br />\
后来，也是因为同学说百度搜不着我的个人博客，我才开始琢磨怎么把自己的博客排名提上去，放上去一些自己做过的模板，提供免费下载。页面以前也只有一个首页，当初我就是想着设计一个首页就行了，真正想学的人，一个页面足够了，其他页面，都靠自己设计。现在不同啦，近期版本我提供的模板都很全，实在是架不住人多都来问我怎么只有一个页面，虽然我已经在下载说明里面说得很清楚了。也就是提供了这样一些资源，我的个人博客也不再是一个只关乎自己的一个平台。曝光率越来越高，光天化日之下，哪敢放自己照片，写自己心情啊，于是乎，继续这样的模式吧，把自己写的模板放到网站上去。乐于分享，是能结交到很多朋友的。<br />\
<br />\
我的个人博客，在今年三月份之前是没有提供后台安装，调试这些服务的。其实一直都有人找我做个人博客，因为调试时间还有修改的问题，从上传到安装到修改调试，一般要四五个小时，我怕收费高，所以一直都是拒绝的。自从推出来《<a href="http://www.yangqq.com/download/div/2017-09-08/789.html" target="_blank">心蓝时间轴</a>》后，主动找我做网站的也多了，他们都说是我粉丝，喜欢我的模板，所以我在模板下面写了付费说明，我的个人博客也开始有了付费项目。<br />\
<br />\
<img alt="" src="http://localhost:9527/static/img/bi06.9e798fa.jpg" /><br />\
<br />\
我接到的第一单，是一位父亲，想给自家的宝贝建立一个博客。他说他想买一个域名，谈了好几天，最终花了8000多购买到，我挺敬佩他的，对孩子的爱，毫不吝啬。域名固然重要，其实我想说坚持用博客来记录宝贝成长点滴，才是最有价值的。第二单是一个阅读网站，从加他到跟他聊，看他朋友圈，很有才气的一个人，也相当有爱心，他的网站大部分是分享给一些爱好阅读的长者。还有些就是技术类的站长，做资讯，做旅游，做推广的。通常，从选的模板就能看出来网站类型。《<a href="http://www.yangqq.com/download/div/2017-09-08/789.html">心蓝时间轴</a>》偏个人，《<a href="http://www.yangqq.com/download/div/2018-03-18/807.html">绅士</a>》，《<a href="http://www.yangqq.com/download/div/2018-04-22/815.html" target="_blank">格调</a>》偏技术，资讯。《<a href="http://www.yangqq.com/download/div/2018-04-18/814.html" target="_blank">清雅</a>》，《<a href="http://www.yangqq.com/download/div/2017-07-16/785.html" target="_blank">水墨古典</a>》偏文艺。但也有对我防备心的，比如说付款方式，能不能走淘宝，这些我也能理解，但是有些吧，从一开始聊，感觉就不太好，理应就认为不应该收钱，收钱干嘛，到处都是免费的，听到这些，我也慢慢解释。其实他们并不了解我，了解我的网站，只要是从我博客来的，关注过一段时间的，都知道青姐的人品是咋样的。用&ldquo;心塞&rdquo;这个词，毫不为过吧。<br />\
<br />\
我做过的网站，每过一段时间，我都会一个个点击看看进展怎么样，个人博客，不像真实的面对面聊，更多的是文字的交流，不得不说有时候文字传达的信息更能了解一个人，甚至有心灵共鸣。我想我还会再重新做一个仅仅属于自己的个人博客，如果你也想要做一个博客，用来记录自己的家庭，工作，生活，或者讨女友欢心，不妨现在就开始吧！</p>\
	a9a747d944c24845815356f72723ef8e	1	0	82f9380f765044edadbe7ab3e441b51b	0	2018-09-27 15:24:46	2018-09-27 15:24:46	\N	1	陌溪_	蘑菇博客	093d8bdd01c84890a928e923d5c235fe	1	1
8a7a023fb6094a388dff50e478f295a9	RabbitMQ常用操作	RabbitMQ常用操作	<p><strong>#Rabbit启动</strong></p>\
\
<p>service rabbitmq-server start</p>\
\
<p><strong>#Rabbit关闭</strong></p>\
\
<p>service rabbitmq-server stop</p>\
\
<p><strong>#Rabbit重启</strong></p>\
\
<p>service rabbitmq-server restart</p>\
\
<p><strong>#设置开启启动</strong></p>\
\
<p>chkconfig rabbitmq-server on</p>\
\
<p><strong>#开启web界面管理工具</strong></p>\
\
<p>rabbitmq-plugins enable rabbitmq_management</p>\
	1c76b9848f5f4d71a5e88b20dbaf38f4	2	0	1d067e9a0ff74faf9519995e64ecfdef	1	2018-10-25 20:42:21	2018-10-25 20:42:21	\N	1	陌溪_	蘑菇博客	093d8bdd01c84890a928e923d5c235fe	2	1
9b793e1ef4164f69a77f329dcce08ce4	如何让STS的Console不切换	如何让STS的Console不切换	<p>最近在使用STS进行微服务架构开发的时候，因为同时启动了多个项目，但我在某个项目进行DEBUG查看的时候，控制台console一会又切换到其他地方去了，每次换来换去，非常麻烦！</p>\
\
<p><img alt="" src="http://120.79.70.126:8600/ckEditorUploadImg/1540279747955.png" style="height:79px; width:600px" /></p>\
\
<p>上图就是启动的项目，其中eureka是用于服务发现，每个10多秒就会发送一个心跳包进行控制台输出。</p>\
\
<p>解决方法：</p>\
\
<p>1、在上方菜单栏中，找到 windown -&gt; Preferences -&gt; Run/Debug -&gt; Console</p>\
\
<p><img alt="" src="http://120.79.70.126:8600/ckEditorUploadImg/1540280176183.png" style="height:531px; width:600px" /></p>\
\
<p>2、将上述的两个&radic;取消掉，就不跳转了。</p>\
\
<p>上面两个选项的意思是指：当程序有输出或者错误的时候显示，所以每次当某个项目有输出的时候，就会切换。</p>\
\
<p>&nbsp;</p>\
	7e0e93ea6cdb44ae92e58f48e6496ed7	2	0	282f7a1ae2594c09b296daaa961313e3	1	2018-10-23 15:39:06	2018-10-23 15:39:06	\N	1	陌溪_	蘑菇博客	093d8bdd01c84890a928e923d5c235fe	2	1
9c4c7f30ffd04b3295d8957110b970ba	测试3	测试3	<p>12346</p>\
	a9a747d944c24845815356f72723ef8e	0	0	9fc5970c50644c67bc78cae11e3081b2	1	2018-12-30 13:29:36	2018-12-30 13:29:36	\N	1	小溪	蘑菇博客	2c93dfab0e754006866f8ed486923a41	0	1
9d45e0687cd84d4d878d71a168870553	关于使用@RequestBody出现JSON日期转换的问题	关于使用@RequestBody出现JSON日期转换的问题	<p>原因：主要问题就是实体类的Date转化Json过程出现错误，</p>\
\
<p>请求数据格式为：&nbsp;&#39;yyyy-MM-dd HH:mm:ss&#39;,但是在接收到数据的时候，需要通过jackson把数据转化成userDto对象。jackson转化的时候，默认的时间格式是&nbsp;&#39;yyyy-MM-dd&#39;T&#39;HH:mm:ss.SSS&rsquo;,所以就会出现上面的异常。</p>\
\
<p>方法： 在时间类上加入这两个注解就OK了</p>\
\
<p>@DateTimeFormat(pattern = &quot;yyyy-MM-dd HH:mm:ss&quot;)</p>\
\
<p>@JsonFormat(pattern = &quot;yyyy-MM-dd HH:mm:ss&quot;)</p>\
	7e0e93ea6cdb44ae92e58f48e6496ed7	0	0	371c9ed84b5f42bfa329dbbf4bcff917	1	2018-10-23 15:50:50	2018-10-23 15:50:50	\N	1	陌溪_	蘑菇博客	2c93dfab0e754006866f8ed486923a41	0	1
a0679b64e4ca4a7cbc8eab2f263b1dc9	CKeditor如何设置代码高亮	CKeditor如何设置代码高亮	<p>CKeditor如何设置代码高亮</p>\
\
<p>今天在看别人的写的博客的时候，发现别人的代码都是有代码高亮显示的。因为博客目前使用的是CKEditor，仔细观察了一波，上面是没有用于代码高亮的选项。</p>\
\
<p>&nbsp;</p>\
\
<p><img alt="" src="http://120.79.70.126:8600/ckEditorUploadImg/1541334603721.png" style="height:119px; width:646px" /></p>\
\
<p>后面进过查找相关的博客，发现我们需要配置相关的插件后才能使用。因为我当初下载的CKEditor是完整版本的，包含全部的插件内容，所以只需要在config.js里面进行配置即可</p>\
\
<p>&nbsp;&nbsp;&nbsp;&nbsp;<em>// codesnippet: </em><em>代码块</em><em> </em></p>\
\
<p>&nbsp;&nbsp;&nbsp;&nbsp;config.extraPlugins = &#39;codesnippet&#39;;</p>\
\
<p>&nbsp;&nbsp;&nbsp;&nbsp;</p>\
\
<p>&nbsp;&nbsp;&nbsp;&nbsp;<em>//</em><em>配置代码块风格</em></p>\
\
<p>&nbsp;&nbsp;&nbsp;&nbsp;codeSnippet_theme: &#39;zenburn&#39;;</p>\
\
<p>&nbsp;</p>\
\
<p>这里zenburn是黑色风格的，不配置的话是默认default风格。</p>\
\
<p>配置好了后，重新启动相关，发现在菜单栏中多了一个按钮</p>\
\
<p><img alt="" src="http://120.79.70.126:8600/ckEditorUploadImg/1541334627112.png" style="height:131px; width:656px" /></p>\
\
<p>&nbsp;</p>\
\
<p>我们点击后，就能弹出代码段的窗口，</p>\
\
<p>&nbsp;</p>\
\
<p><img alt="" src="http://120.79.70.126:8600/ckEditorUploadImg/1541334635653.png" style="height:688px; width:821px" /></p>\
\
<p>最后就能插入代码上去了！</p>\
\
<p><img alt="" src="http://120.79.70.126:8600/ckEditorUploadImg/1541334662454.png" style="height:703px; width:748px" /></p>\
\
<p>&nbsp;</p>\
\
<p>好了，到这里CKEditor已经支持高亮显示了。但是还有一个问题就是，我们前端页面还不能正常显示高亮，所以还需要下一步进行配置。</p>\
\
<p>首先我们需要下载一个highlight的js文件</p>\
\
<p><a href="https://highlightjs.org/" target="_blank">https://highlightjs.org/</a></p>\
\
<p>进去这个网站后，选择常用语言，然后点击download</p>\
\
<p><img alt="" src="http://120.79.70.126:8600/ckEditorUploadImg/1541334678680.png" style="height:230px; width:796px" /></p>\
\
<p>解压完成后会有两个文件</p>\
\
<p>&nbsp;</p>\
\
<p>Styles中存放的是一些样式</p>\
\
<p>Highlight.pack.js 是决定那部分变色</p>\
\
<p>&nbsp;</p>\
\
<p>最后我们需要把文件放到我们的前端vue项目中，然后在index.html中引入</p>\
\
<p>&nbsp;</p>\
\
<p><em>&lt;!--</em><em>引入代码高亮</em><em>--&gt;</em></p>\
\
<p><em>&lt;!--</em><em>开头这里的样式为默认的风格，可以根据自己的喜好更换风格</em><em>--&gt;</em></p>\
\
<p><em>&lt;!--</em><em>我的高亮效果是</em><em>zenburn--&gt;</em></p>\
\
<p>&lt;link rel=&quot;stylesheet&quot; href=&quot;static/highlight/styles/zenburn.css&quot;&gt;</p>\
\
<p>&lt;script src=&#39;static/highlight/highlight.pack.js&#39; type=&quot;text/javascript&quot;&gt;&lt;/script&gt;</p>\
\
<p>&nbsp;</p>\
\
<p>然后在main.js中加入这句</p>\
\
<p>&nbsp;</p>\
\
<p>Vue.directive(&#39;highlight&#39;, <strong>function</strong> (el) {</p>\
\
<p>&nbsp; <strong>let</strong> blocks = el.querySelectorAll(&#39;pre code&#39;);</p>\
\
<p>&nbsp; blocks.forEach((block)<strong>=&gt;</strong>{</p>\
\
<p>&nbsp;&nbsp;&nbsp; hljs.highlightBlock(block)</p>\
\
<p>&nbsp; })</p>\
\
<p>})</p>\
\
<p>&nbsp;</p>\
\
<p>最后一步就是渲染的时候，我们使用标签</p>\
\
<p>#在要使用高亮的地方使用v-highlight指令</p>\
\
<p>&lt;div v-html=&quot;Marked&quot; v-highlight&gt;</p>\
\
<p>&lt;/div&gt;</p>\
\
<p>&nbsp;</p>\
	a9a747d944c24845815356f72723ef8e	2	0	4f016786d65a4abe83cb12b14a576948	1	2018-11-04 20:32:15	2018-11-04 20:32:15	\N	1	陌溪_	蘑菇博客	2c93dfab0e754006866f8ed486923a41	0	1
a0c776a6698b4a0a95fce22b396cd0b4	SpringBoot从Redis中将字符串转换为POJO报错	SpringBoot从Redis中将字符串转换为POJO报错，Attempted to serialize java.lang.Class. Forgot to register a type adapter?	<p>今天在使用在用Redis做缓存的时候，通过JsonUtils工具类，将List&lt;Blog&gt;转换成字符串，缓存到Redis中，然后在通过JsonUtils.toCollection(list, Blog.class)操作将Redis取出来的字符串，变成List&lt;Blog&gt;，但是返回的时候，却出现了报错。</p>\
\
<p>Attempted to serialize java.lang.Class. Forgot to register a type adapter?</p>\
\
<p>从字面意思能看出，是序列化的时候出现了问题，忘记注册适配器？</p>\
\
<p>最后通过google查找，在overflow找到这问题</p>\
\
<p>https://stackoverflow.com/questions/29908128/gson-and-active-android-attempted-to-serialize-java-lang-class-forgot-to-regis</p>\
\
<p>大致是需要是初始化您的Gson，如下所示，以防止序列化Final，Transient或Static字段</p>\
\
<pre>\
<code>Gson gson = new GsonBuilder()\
            .excludeFieldsWithModifiers(Modifier.FINAL, Modifier.TRANSIENT, Modifier.STATIC)\
            .serializeNulls()\
            .create();</code></pre>\
\
<p><code>即在创建GsonBuilder的时候，需要加上serializeNulls，即支持空字符串的序列化，最后程序能够成功运行了。</code></p>\
\
<h1>&nbsp;</h1>\
	7e0e93ea6cdb44ae92e58f48e6496ed7	2	0	8f48f07f30314960a38a0b85c4f1f34a	1	2018-10-27 17:03:50	2018-10-27 17:03:50	\N	1	陌溪_	蘑菇博客	2c93dfab0e754006866f8ed486923a41	0	1
ac7db010d01341b0bc37d2b55e1f1d44	测试	测试	<p>123456</p>\
	1d1fd6d26c8e40a38637ef6126c45cd0	0	0	33217d81d9ad46d4b8141ff5322c0b38	0	2018-12-30 13:07:17	2018-12-30 13:07:17	\N	1	陌溪_	蘑菇博客	2c93dfab0e754006866f8ed486923a41	0	1
b3f01d1429dc4be58123322b10fb318f	如何将SpringBoot项目打包成war包	如何将SpringBoot项目打包成war包	<p>&nbsp; &nbsp; &nbsp; &nbsp;这阵子在将博客部署在阿里云的时候，因为我的博客目前用到的微服务比较多，现在大概有五六个模块，如 eureka，pciture，sms，admin，web，这些是使用spring boot创建的项目，在加上solr搜索服务，如果采用spring boot 打包成jar包的方式，那么可能服务器内存就不够用了，因为一个jar里面集成了tomcat，所以五个jar，就相当于跑了5台tomcat服务器。</p>\
\
<p>&nbsp; &nbsp; &nbsp; &nbsp;以我用学生价买的阿里云服务器为例，大概1核2G，所以2G内存的话，大概就只是跑五个tomcat了，不然内存可能就不够了，哭穷~~~~~~。那么在加上mysql，redis，nginx，rabbitmq，solr，那些也需要占用的内存。。。所以想要用这台服务器采用jar的方式，很显然是不可能完成的，那么需要就只能采用打包成war的方式了。把5个模块 和solr 都丢到一个tomcat容器里面，这样就能节省下很多内存下来，使用其他了。下面进入正题。</p>\
\
<p>1）首先，我们需要修改的是pom文件，将打包方式 改成&nbsp; war&nbsp;</p>\
\
<p>&nbsp; &nbsp; &nbsp; &nbsp;&lt;packaging&gt;war&lt;/packaging&gt;</p>\
\
<p>2）排除掉 spring-boot-starter-web自带的tomcat</p>\
\
<p>&nbsp;&nbsp; &nbsp;&nbsp;&nbsp; &nbsp;&lt;dependency&gt;<br />\
&nbsp;&nbsp; &nbsp; &nbsp; &nbsp; &nbsp; &nbsp;&lt;groupId&gt;org.springframework.boot&lt;/groupId&gt;<br />\
&nbsp;&nbsp; &nbsp; &nbsp; &nbsp; &nbsp; &nbsp;&lt;artifactId&gt;spring-boot-starter-web&lt;/artifactId&gt;<br />\
&nbsp; &nbsp; &nbsp; &nbsp; &nbsp; &nbsp; &lt;exclusions&gt; &nbsp;<br />\
&nbsp;&nbsp; &nbsp; &nbsp; &nbsp; &nbsp; &nbsp; &nbsp; &nbsp; &lt;exclusion&gt; &nbsp;<br />\
&nbsp;&nbsp; &nbsp; &nbsp; &nbsp; &nbsp; &nbsp; &nbsp; &nbsp; &nbsp; &nbsp; &lt;groupId&gt;org.springframework.boot&lt;/groupId&gt; &nbsp;<br />\
&nbsp;&nbsp; &nbsp; &nbsp; &nbsp; &nbsp; &nbsp; &nbsp; &nbsp; &nbsp; &nbsp; &lt;artifactId&gt;spring-boot-starter-tomcat&lt;/artifactId&gt; &nbsp;<br />\
&nbsp;&nbsp; &nbsp; &nbsp; &nbsp; &nbsp; &nbsp; &nbsp; &nbsp; &lt;/exclusion&gt; &nbsp;<br />\
&nbsp;&nbsp; &nbsp; &nbsp; &nbsp; &nbsp; &nbsp; &lt;/exclusions&gt;<br />\
&nbsp; &nbsp; &nbsp;&nbsp; &nbsp;&lt;/dependency&gt;</p>\
\
<p>3）然后修改&lt;build&gt;&lt;/build&gt;</p>\
\
<p>&nbsp; &nbsp; &lt;build&gt;<br />\
&nbsp;&nbsp; &nbsp;&nbsp;&nbsp; &nbsp; &nbsp;&lt;resources&gt;<br />\
&nbsp;&nbsp; &nbsp;&nbsp;&nbsp; &nbsp; &nbsp; &lt;resource&gt;<br />\
&nbsp;&nbsp; &nbsp;&nbsp;&nbsp; &nbsp; &nbsp; &nbsp; &nbsp; &lt;directory&gt;src/main/java&lt;/directory&gt;<br />\
&nbsp;&nbsp; &nbsp;&nbsp;&nbsp; &nbsp; &nbsp; &nbsp; &nbsp; &lt;includes&gt;<br />\
&nbsp;&nbsp; &nbsp;&nbsp;&nbsp; &nbsp; &nbsp; &nbsp; &nbsp; &nbsp; &nbsp; &lt;include&gt;**/*.xml&lt;/include&gt;<br />\
&nbsp;&nbsp; &nbsp;&nbsp;&nbsp; &nbsp; &nbsp; &nbsp; &nbsp; &lt;/includes&gt;<br />\
&nbsp;&nbsp; &nbsp;&nbsp;&nbsp; &nbsp; &nbsp; &lt;/resource&gt;<br />\
&nbsp;&nbsp; &nbsp;&nbsp;&nbsp; &nbsp; &nbsp; &lt;resource&gt;<br />\
&nbsp;&nbsp; &nbsp;&nbsp;&nbsp; &nbsp; &nbsp; &nbsp; &nbsp; &lt;directory&gt;src/main/resources&lt;/directory&gt;<br />\
&nbsp;&nbsp; &nbsp;&nbsp;&nbsp; &nbsp; &nbsp; &nbsp; &nbsp; &lt;includes&gt;<br />\
&nbsp;&nbsp; &nbsp;&nbsp;&nbsp; &nbsp; &nbsp; &nbsp; &nbsp; &nbsp; &nbsp; &lt;include&gt;**.*&lt;/include&gt;<br />\
&nbsp;&nbsp; &nbsp;&nbsp;&nbsp; &nbsp; &nbsp; &nbsp; &nbsp; &nbsp; &nbsp; &lt;include&gt;**/*.*&lt;/include&gt;&lt;!-- i18n能读取到 --&gt;<br />\
&nbsp;&nbsp; &nbsp;&nbsp;&nbsp; &nbsp; &nbsp; &nbsp; &nbsp; &nbsp; &nbsp; &nbsp;&lt;include&gt;**/*/*.*&lt;/include&gt;<br />\
&nbsp;&nbsp; &nbsp;&nbsp;&nbsp; &nbsp; &nbsp; &nbsp; &nbsp; &lt;/includes&gt;<br />\
&nbsp;&nbsp; &nbsp;&nbsp;&nbsp; &nbsp; &nbsp; &lt;/resource&gt;<br />\
&nbsp;&nbsp; &nbsp;&nbsp;&nbsp; &nbsp; &lt;/resources&gt;<br />\
&nbsp; &nbsp; &nbsp; &nbsp; &lt;plugins&gt;<br />\
&nbsp; &nbsp; &nbsp; &nbsp; &nbsp; &nbsp; &lt;plugin&gt;<br />\
&nbsp; &nbsp; &nbsp; &nbsp; &nbsp; &nbsp; &nbsp;&nbsp; &nbsp;&lt;groupId&gt;org.apache.maven.plugins&lt;/groupId&gt;<br />\
&nbsp;&nbsp; &nbsp;&nbsp;&nbsp; &nbsp;&nbsp;&nbsp; &nbsp; &nbsp; &nbsp;&lt;artifactId&gt;maven-war-plugin&lt;/artifactId&gt;<br />\
&nbsp;&nbsp; &nbsp;&nbsp;&nbsp; &nbsp;&nbsp;&nbsp; &nbsp; &nbsp; &nbsp;&lt;configuration&gt;<br />\
&nbsp;&nbsp; &nbsp;&nbsp;&nbsp; &nbsp;&nbsp;&nbsp; &nbsp; &nbsp; &nbsp; &nbsp; &nbsp;&lt;warName&gt;mogu_sms&lt;/warName&gt;<br />\
&nbsp;&nbsp; &nbsp;&nbsp;&nbsp; &nbsp;&nbsp;&nbsp; &nbsp; &nbsp; &nbsp; &nbsp; &nbsp;&lt;failOnMissingWebXml&gt;false&lt;/failOnMissingWebXml&gt;<br />\
&nbsp; &nbsp; &nbsp; &nbsp; &nbsp; &nbsp; &nbsp; &nbsp; &nbsp;&nbsp;&nbsp; &nbsp;&lt;outputDirectory&gt;webapps&lt;/outputDirectory&gt;<br />\
&nbsp;&nbsp; &nbsp;&nbsp;&nbsp; &nbsp;&nbsp;&nbsp; &nbsp; &nbsp; &nbsp;&lt;/configuration&gt;<br />\
&nbsp; &nbsp; &nbsp; &nbsp; &nbsp; &nbsp; &lt;/plugin&gt;<br />\
&nbsp; &nbsp; &nbsp; &nbsp; &lt;/plugins&gt;<br />\
&nbsp; &nbsp; &nbsp; &nbsp; &lt;finalName&gt;mogu_sms&lt;/finalName&gt;<br />\
&nbsp; &nbsp; &lt;/build&gt;</p>\
\
<p>3) 然后在修改 Application.java 启动类，若打包成war包,则需要继承&nbsp;<strong>org.springframework.boot.context.web.SpringBootServletInitializer</strong>类,覆盖其config(SpringApplicationBuilder)方法</p>\
\
<p>@SpringBootApplication<br />\
public class APP extends SpringBootServletInitializer{<br />\
&nbsp;&nbsp; &nbsp;<br />\
&nbsp; &nbsp; @Override<br />\
&nbsp; &nbsp; protected SpringApplicationBuilder configure(SpringApplicationBuilder builder) {<br />\
&nbsp; &nbsp; &nbsp; &nbsp; return builder.sources(APP.class);<br />\
&nbsp; &nbsp; }</p>\
\
<p>&nbsp; &nbsp; public static void main(String[] args){<br />\
&nbsp; &nbsp; &nbsp; &nbsp; SpringApplication.run(APP.class,args);<br />\
&nbsp; &nbsp; }<br />\
}</p>\
\
<p>4）完成后，使用maven clean install 命令，就能看到在 项目根目录的webapps目录下，看到 打包好的war包了。<br />\
&nbsp;</p>\
\
<p>最后将全部模块弄好后，丢到阿里云的tomcat容器里面，部署了6个项目，大概占用60%内存，还不错~<img alt="" src="http://120.79.70.126:8600/ckEditorUploadImg/1541210475637.png" style="height:153px; width:582px" /></p>\
\
<p>&nbsp;</p>\
\
<p>&nbsp; &nbsp; &nbsp;&nbsp;</p>\
\
<p>&nbsp;</p>\
\
<p>&nbsp;</p>\
	53c5a0f3142e4f54820315936f78383b	3	0	2508670a57b54a5b8f66dd7547d52cd1	1	2018-11-03 09:41:44	2018-11-03 09:41:44	\N	1	陌溪_	蘑菇博客	2c93dfab0e754006866f8ed486923a41	0	1
c368635501f640fcab9787e5d68e6173	测试2	测试2	<p>fdaf</p>\
	f90d3c2fd9434302951130e897a89164	0	0	2508670a57b54a5b8f66dd7547d52cd1	1	2018-12-30 13:25:39	2018-12-30 13:25:39	\N	1	陌溪_	蘑菇博客	093d8bdd01c84890a928e923d5c235fe	0	1
cc6f6e977a494ad69e88043e6a5a24b1	别让这些闹心的套路，毁了你的网页设计!	别让这些闹心的套路，毁了你的网页设计!	<p>别让这些闹心的套路，毁了你的网页设计!</p>\
	ca928e8718654aa5a802e2f69277b137	1	0	dde8800dd17c4b8c9de9169fbb0a49f9	1	2018-09-25 10:33:27	2018-09-25 10:33:27	\N	1	陌溪	蘑菇博客	093d8bdd01c84890a928e923d5c235fe	4	1
cc6f6e977a494ad69e88043e6a5a24b3	别让这些闹心的套路，毁了你的网页设计!	别让这些闹心的套路，毁了你的网页设计!	<p>别让这些闹心的套路，毁了你的网页设计!</p>\
	ca928e8718654aa5a802e2f69277b137	1	0	dde8800dd17c4b8c9de9169fbb0a49f9,35e191c4bfcd45bca64d3b21533ca6b6	1	2018-09-25 10:33:27	2018-09-25 10:33:27	\N	1	陌溪	蘑菇博客	093d8bdd01c84890a928e923d5c235fe	4	1
cc6f6e977a494ad69e88043e6a5a24bc	别让这些闹心的套路，毁了你的网页设计!	别让这些闹心的套路，毁了你的网页设计!	<p>别让这些闹心的套路，毁了你的网页设计!</p>\
	ca928e8718654aa5a802e2f69277b137	5	0	ee98646f1d684fa4b74f4bff1e1c6f2d	1	2018-09-25 10:33:27	2018-09-25 10:33:27	\N	1	陌溪	蘑菇博客	093d8bdd01c84890a928e923d5c235fe	1	1
cced737de6d840758ed1349aef774988	CKEditor	CKEditor	<p>&nbsp; &nbsp;之前配置通过网上教程，配置好了CKEditor图片上传好，发现效果并不好，因为word中的图片是不能直接复制粘贴上去的，直接复制的话，会出现下面的情况。</p>\
\
<p><img alt="" src="http://120.79.70.126:8600/ckEditorUploadImg/1541383489045.png" style="height:405px; width:600px" /></p>\
\
<p>其实ckeditor是支持复制上传的，只需要在之前的js的filebrowserImageUploadUrl配置的上传路径最后加一个?就可以了，如下：</p>\
\
<p>&nbsp;&nbsp;&nbsp;&nbsp;//开启工具栏&ldquo;图像&rdquo;中文件上传功能，后面的url为待会要上传action要指向的的action或servlet</p>\
\
<p>&nbsp;&nbsp;&nbsp;&nbsp;config.filebrowserImageUploadUrl = &quot;http://localhost:8602/ckeditor/imgUpload?&quot;;</p>\
\
<p>我们ckeditor的config.js文件中， 找到上传的方法，后方加入问号，就能够成功添加QQ截图和word中图片了</p>\
\
<p><img alt="" src="http://120.79.70.126:8600/ckEditorUploadImg/1541384829124.png" style="height:389px; width:785px" /></p>\
\
<p>&nbsp;</p>\
	a9a747d944c24845815356f72723ef8e	7	0	fc40260e4fda4e99a4c7a32635f4dc15	1	2018-11-05 10:27:17	2018-11-05 10:27:17	\N	1	陌溪_	蘑菇博客	2c93dfab0e754006866f8ed486923a41	0	1
cf43070de33b47999dd1eca5700ffe58	CentOS下如何卸载yum安装的Eralng	CentOS下如何卸载yum安装的Eralng	<p>今天我在正式服务器部署的Rabbit的时候，因为Erlang版本的问题，不能正常的使用RabbitMQ，所有打算删除掉</p>\
\
<p>使用 yum install erlang 安装的 eralng。</p>\
\
<p>但是，在我使用 yum list | grep erlang 的时候，发现有很多的安装列表。</p>\
\
<p><br />\
<img alt="" src="http://120.79.70.126:8600/ckEditorUploadImg/1541155761263.png" style="height:689px; width:600px" /></p>\
\
<p>我们能看到有这么多的包，如果使用 yum remove&nbsp; erlang.XXX 来删除，很显然是不实际的。</p>\
\
<p>所以这里我们可以通过yum的另外一个命令&nbsp; &nbsp; yum history&nbsp; list&nbsp; erlang&nbsp; 能查看到关于erlang 的一些相关yum操作</p>\
\
<p><!--StartFragment --></p>\
\
<p><img alt="" src="http://120.79.70.126:8600/ckEditorUploadImg/1541155935058.png" style="height:129px; width:606px" /></p>\
\
<p>这里能看到 Command line，输入的命令 以及整个命令执行的时间。第一个ID，表示整个命令的ID。</p>\
\
<p>我们可以看到最早之前，10月25日的时候，我通过install&nbsp; eralng安装了 erlang，所以我们需要回到这个时间</p>\
\
<p>将这个命令撤销掉。</p>\
\
<p>那么就可以输入&nbsp; &nbsp;yum history&nbsp; undo&nbsp; &nbsp;3&nbsp;&nbsp;</p>\
\
<p>其中 3 表示的是ID号。</p>\
\
<p>输入完后，我们能看到他重新回到了我们执行 install eralng 的阶段，所以只需要输入N，即完成了操作，所以到了</p>\
\
<p>这里，我们系统就没有安装Eralng了。</p>\
\
<p><img alt="" src="http://120.79.70.126:8600/ckEditorUploadImg/1541156191902.png" style="height:642px; width:914px" /></p>\
	1d1fd6d26c8e40a38637ef6126c45cd0	0	0	5a9ea2261ed2466a884db30df54d704e	1	2018-11-02 18:57:12	2018-11-02 18:57:12	\N	1	陌溪_	蘑菇博客	2c93dfab0e754006866f8ed486923a41	1	0
e6b65558d5f14840b02f28efcde53779	Vue深度嵌套时，无法被监听到的问题	Vue深度嵌套时，无法被监听到的问题	<p><!--StartFragment --></p>\
\
<p><img alt="" src="http://120.79.70.126:8600/ckEditorUploadImg/1540802382548.png" style="height:174px; width:328px" /></p>\
\
<p>首先在data中，有上面这样一个form对象，后面我使用代码改变bortherRalation中的值后，发现数据并没有更新。</p>\
\
<p><img alt="" src="http://120.79.70.126:8600/ckEditorUploadImg/1540804934582.png" style="height:430px; width:500px" /></p>\
\
<p>因为这个是属于form中的 bortherRelation的变化，并不能使vue监听到变化，所以就不能改变。所以需要添加监听，deep = true</p>\
\
<p><img alt="" src="http://120.79.70.126:8600/ckEditorUploadImg/1540805312167.png" style="height:165px; width:503px" /></p>\
\
<p>由于 JavaScript 的限制，Vue 不能检测以下变动的数组：</p>\
\
<ol>\
	<li>当你利用索引直接设置一个项时，例如：<code>vm.items[indexOfItem] = newValue</code></li>\
	<li>当你修改数组的长度时，例如：<code>vm.items.length = newLength</code></li>\
</ol>\
\
<p>举个例子：</p>\
\
<table>\
	<tbody>\
		<tr>\
			<td>\
			<pre>\
var vm = new Vue({\
  data: {\
    items: [&#39;a&#39;, &#39;b&#39;, &#39;c&#39;]\
  }\
})\
vm.items[1] = &#39;x&#39; // 不是响应性的\
vm.items.length = 2 // 不是响应性的\
</pre>\
			</td>\
		</tr>\
	</tbody>\
</table>\
\
<p>为了解决第一类问题，以下两种方式都可以实现和&nbsp;<code>vm.items[indexOfItem] = newValue</code>&nbsp;相同的效果，同时也将触发状态更新：</p>\
\
<table>\
	<tbody>\
		<tr>\
			<td>\
			<pre>\
// Vue.set\
Vue.set(vm.items, indexOfItem, newValue)\
</pre>\
			</td>\
		</tr>\
	</tbody>\
</table>\
\
<table>\
	<tbody>\
		<tr>\
			<td>\
			<pre>\
// Array.prototype.splice\
vm.items.splice(indexOfItem, 1, newValue)\
</pre>\
			</td>\
		</tr>\
	</tbody>\
</table>\
\
<p>你也可以使用&nbsp;<a href="https://vuejs.org/v2/api/#vm-set" target="_blank"><code>vm.$set</code></a>&nbsp;实例方法，该方法是全局方法&nbsp;<code>Vue.set</code>&nbsp;的一个别名：</p>\
\
<table>\
	<tbody>\
		<tr>\
			<td>\
			<pre>\
vm.$set(vm.items, indexOfItem, newValue)\
</pre>\
			</td>\
		</tr>\
	</tbody>\
</table>\
\
<p>为了解决第二类问题，你可以使用&nbsp;<code>splice</code>：</p>\
\
<table>\
	<tbody>\
		<tr>\
			<td>\
			<pre>\
vm.items.splice(newLength)</pre>\
			</td>\
		</tr>\
	</tbody>\
</table>\
	f90d3c2fd9434302951130e897a89164	2	0	989e2c76be4446d1862adcb1364fdc9b	1	2018-10-29 17:28:39	2018-10-29 17:28:39	\N	1	陌溪_	蘑菇博客	2c93dfab0e754006866f8ed486923a41	3	1
f346267364024e78844d459be2f6f528	CentOS7下RabbitMQ的安装步骤	CentOS7下RabbitMQ的安装步骤	<p>RabbitMQ是使用Erlang语言开发的开源消息队列系统，基于AMQP协议来实现的，AMQP的主要特征是面向消息，队列，路由（包括点对点和发布/订阅），可靠性，安全，AMQP协议更 多用在企业级系统内，对数据一致性，稳定性和可靠性要求很高的场景，对性能和吞吐量的要求还在其次。</p>\
\
<p>按照教程：</p>\
\
<p>1）首先需要安装Erlang</p>\
\
<p># 添加erlang solutions源</p>\
\
<p>$ wget https://packages.erlang-solutions.com/erlang-solutions-1.0-1.noarch.rpm</p>\
\
<p>$ sudo rpm -Uvh erlang-solutions-1.0-1.noarch.rpm</p>\
\
<p>在执行第二步的时候，可能会报错</p>\
\
<p><img alt="" src="http://120.79.70.126:8600/ckEditorUploadImg/1540431242134.png" style="height:63px; width:733px" /></p>\
\
<p>这是因为从EPEL源安装(这种方式安装的Erlang版本可能不是最新的，有时候不能满足RabbitMQ需要的最低版本)</p>\
\
<p>那么什么是EPEL呢？</p>\
\
<p><strong>EPEL的全称叫 Extra Packages for Enterprise Linux</strong>&nbsp;。EPEL是由 Fedora 社区打造，为 RHEL 及衍生发行版如 CentOS、Scientific Linux 等提供高质量软件包的项目。装上了 EPEL之后，就相当于添加了一个第三方源。</p>\
\
<p>所以我们需要安装epel-release</p>\
\
<p>$ sudo yum install epel-release</p>\
\
<p>安装成功后，在执行</p>\
\
<p>$ sudo yum install erlang</p>\
\
<p>这样，就成功把erlang安装上去了。</p>\
\
<p>2）RabbitMQ安装</p>\
\
<p># 安装之前，首先需要把秘钥包安装好</p>\
\
<p>$ sudo rpm --import https://www.rabbitmq.com/rabbitmq-release-signing-key.asc</p>\
\
<p># 下载RabbitMQ安装包</p>\
\
<p>$ wget https://www.rabbitmq.com/releases/rabbitmq-server/v3.6.6/rabbitmq-server-3.6.6-1.el7.noarch.rpm</p>\
\
<p>$ sudo yum install rabbitmq-server-3.6.6-1.el7.noarch.rpm</p>\
\
<p>到此为止，RabbitMQ已经安装成功了。</p>\
\
<p>3）如果需要正常使用RabbitMQ，首先需要修改一些默认的配置</p>\
\
<p>#RPM安装方式会默认建立下面文件下，我们打开下方配置文件</p>\
\
<p>$ vim&nbsp;&nbsp;/usr/lib/rabbitmq/lib/rabbitmq_server-3.6.6/ebin/rabbit.app<img alt="" src="http://120.79.70.126:8600/ckEditorUploadImg/1540431994644.png" style="height:830px; width:676px" />打开我们会发现这是一个非常熟悉的界面，没错，就这就一个JSON的格式。</p>\
\
<p>我们继续往下走，能看这个 tcp_listeners, [5672] 这个属性</p>\
\
<p><img alt="" src="http://120.79.70.126:8600/ckEditorUploadImg/1540432158983.png" style="height:179px; width:526px" /></p>\
\
<p>这表示Rabbit默认的端口号是5672，如果我们需要更改默认端口号，那么就需要在这里进行更改了。</p>\
\
<p><img alt="" src="http://120.79.70.126:8600/ckEditorUploadImg/1540432302795.png" style="height:128px; width:426px" /></p>\
\
<p>紧接着我们看到 loopback_users: [&quot;guest&quot;], 我们把左右的尖括号去掉，这样就能启动guest默认账号了。</p>\
\
<p>完成之后，我们使用快捷键 shift+zz&nbsp; 保存退出编辑器</p>\
\
<p>好了，RabbitMQ在这里就已经安装成功了，关于rabbitMQ的操作，看我另外一篇博客</p>\
	1c76b9848f5f4d71a5e88b20dbaf38f4	0	0	1d067e9a0ff74faf9519995e64ecfdef	1	2018-10-25 09:53:51	2018-10-25 09:53:51	\N	1	陌溪_	蘑菇博客	2c93dfab0e754006866f8ed486923a41	1	1
f4530db500bf457a9ee60aa763a52e1e	文件上传后，使用Nginx配置静态资源映射出现 403 Forbidden	文件上传后，使用Nginx配置静态资源映射出现 403 Forbidden	<p>今天使用nginx做静态资源映射的时候，图片能够正常上传到linux服务器中。</p>\
\
<p>但是我输入通过Nginx配置的URL路径的时候，出现了 403 Forbidden 的错误，经过排查我发现了</p>\
\
<p>在我后面上传的图片中，他只拥有 root 的 读写权限，其他用户没有权限</p>\
\
<p><img alt="" src="http://120.79.70.126:8600/ckEditorUploadImg/1541156768806.png" style="height:468px; width:791px" /></p>\
\
<p>我猜想，可能是通过URL访问的不是root用户，所以我们没有权限访问到这个目录，那么文件就无法访问了。</p>\
\
<p>然后我将那些文件通过&nbsp; chmod 777&nbsp; 命令将他们改成最高权限，目录能够正常访问了。</p>\
\
<p>后面我通过修改Nginx的配置文件</p>\
\
<p><img alt="" src="http://120.79.70.126:8600/ckEditorUploadImg/1541156951009.png" style="height:151px; width:301px" /></p>\
\
<p>增加&nbsp; user&nbsp; root，后就能够正常访问了。</p>\
	7e0e93ea6cdb44ae92e58f48e6496ed7	0	0	7cec4c83de9e42869d80bdc767b3e61f	1	2018-11-02 19:09:33	2018-11-02 19:09:33	\N	1	陌溪_	蘑菇博客	2c93dfab0e754006866f8ed486923a41	3	1
f9284ed96d874a47a2a641a0f2735b8f	测试	null	<p>测试</p>\
	e2c7913050cf4ab9aa92902316aaf075	0	0	null	0	2018-10-20 11:17:26	2018-10-20 11:17:26	\N	1	null	蘑菇博客	093d8bdd01c84890a928e923d5c235fe	0	1
